"path","bytes","sha256"
"_catalog.csv",14421,"7dea162bf542aab8f646ad54900e18332c4de1424787afc4cd93a05405d4caf2"
"_schema.csv",131454,"24c14b6b500947d424f98a8a1479cf250ca1a694e440cc17788d20755d7dae0b"
"arsau_2020_2022_dictionary.json",39501,"4b19704bf87de19732af56a5afd78a18fb607d55978eec09692d45db06c09f01"
"arsau_2023_dictionary.json",44488,"a10a40f59c96bf2394022288ede9a8836dfa59d8c52616a5ec03519c467b5307"
"arsau_2024_dictionary.json",43951,"ea82320d8050f6c06eae4461ac935055b03259a8bc189e852b50b617b288b93d"
"arsau_uof_detailed_dataset_2020_2022_sample.csv",6830,"4fa3b0ada472f2386ffc4cb81e438e68a57818e476b12524370cfab25ae1084a"
"arsau_uof_individual_records_sample.csv",5221,"6d3a5986e39f4751901a1a2adb9e25be836266e1900bd41c8611fec7218187f4"
"arsau/2020-2022/useofforce_agrregatesummarybyyear_2020-2022.csv",289,"f3051269a22394b6930ba1961e7b6ed5e4454d483db1ea7cd930f1541330dfce"
"arsau/2020-2022/useofforce_detaileddataset_2020-2022.csv",6830,"4fa3b0ada472f2386ffc4cb81e438e68a57818e476b12524370cfab25ae1084a"
"arsau/2023/uof_individual_records.csv",5221,"6d3a5986e39f4751901a1a2adb9e25be836266e1900bd41c8611fec7218187f4"
"arsau/2023/uof_main_records.csv",1446,"610bc3f8217b75d486b749ffe4ace23987862fafccffaae3b31137b46b2a7a79"
"arsau/2023/uof_probe_cycle_records.csv",220,"1564ebdec4ea20334e2a2a8a906a774290ac0d37bf97444dcb17898e4d71d617"
"arsau/2023/uof_weapon_records_invaliddata.csv",270,"e034afc0184c763a3c3e1e1e41fc34f4f7326f607401adb888fdf6c6e80f102d"
"arsau/2024/uof_individual_records.csv",5221,"6d3a5986e39f4751901a1a2adb9e25be836266e1900bd41c8611fec7218187f4"
"arsau/2024/uof_main_records.csv",1446,"610bc3f8217b75d486b749ffe4ace23987862fafccffaae3b31137b46b2a7a79"
"arsau/2024/uof_probe_cycle_records.csv",220,"1564ebdec4ea20334e2a2a8a906a774290ac0d37bf97444dcb17898e4d71d617"
"arsau/2024/uof_weapon_records.csv",270,"e034afc0184c763a3c3e1e1e41fc34f4f7326f607401adb888fdf6c6e80f102d"
"calgary_community_crime_stats_sample.csv",9373,"6f153700f8f3d7583b5faae35abefac50cda0430a843208540b4232bfe3010fa"
"calgary_fire_response_calls_sample.csv",18756,"1cf5d918dc404738f7280c37507689254ba84118115fa8207ad79ea0ba283f12"
"calgary_fire_stations.csv",7823,"7a3a80ea18d5ab80412d3d8a696aa115bdd0cd3e3c2ff07fcb640a60f186bc81"
"calgary_opendata_bulk_catalog.csv",252531,"82d3bc3f56a04f5f38863a926665a7d004b2e260fd763cac3df1818a59fb21f2"
"calgary_opendata_crime_adjacent_catalog.csv",9831,"11fdbdd21b480e3a8934b24c3e55f081075c5fc310b65917fd52282026576ffc"
"chicago_iucr_codes.csv",26786,"2d64e716c977f0c4b400fe00cf63c9fa3f9572e94c87e395028a31ed73a71779"
"chicago_neighborhoods.csv",6245,"35b723410db03e668aa4b2ee6f2d1a28b088ee14ab0034fbb17a7088cdaf2541"
"chicago_opendata_bulk_catalog.csv",540462,"ca6b2dfbd22ac8bcd952cca82e7f2667de2247260a970397858ac3768f6112ab"
"cihi_data_tables.csv",108806,"193d47551dc47d704d3bc2b1de8b7ec3f397e2850c0b5d98f060624fc6e5405d"
"corrections_uof_dictionary.json",28289,"395816d10c45f606d7b0de3469d940e58a9f88fa65a49c01bbb8ab7a8fd7c4b4"
"cpads_data_provenance.json",158368,"70a2790ad4303dc06d1162fc17db2a8026119f367e2f447d7b569c8fb6787e7d"
"cpads_pumf_synthetic.csv",893252,"089c55f79d3bb10acea5fbe25ec32734bcced47f35e986d4e6b87d92af750851"
"describe_corpus.Rds",1712072,"2af2abe66fcebc2c4a2511fc222465002c7cfe94066a91fa9093ad2e19695faa"
"edmonton_opendata_bulk_catalog.csv",581471,"34f2696674f4970459b5d90d8e099ed6b9499b9c1deba2df884e97f08798c37c"
"edmonton_opendata_crime_adjacent_catalog.csv",13717,"452826d9ef3f7d7c672ad9aa879f7f96c2d23d59762f05c0599de5fc7c71c864"
"montreal_opendata_bulk_catalog.csv",54747,"fab5d067035de5b119142cf581c40f2fb40c48f0bd259f29eaba939f1549d7ea"
"montreal_sim_intervention_types.csv",15054,"0d00f240d09ec84a926d566b16944e14e41a5a290f6af4e80f613439721d376f"
"montreal_sim_interventions_sample.csv",49697,"3762c46d0f63c2608ff226267839a5ff4390b1cd209e1195b22f0037da0df4e8"
"nibrs_synthetic.csv",590,"42b4f886397f12c9232b143aa6572c9b0aeb6061f70b3db04d79208c300a6a28"
"nist_rds_synthetic.csv",51080,"739df3811ee0fe957e16b813ebb5057bc2cca911e0894b0f2371bd77349d844e"
"nyc_ntas_2020.csv",41735,"166d80b382c01da7725fd4e0eebdca72b73d45d50d49f84e5044e0103d56d7c6"
"nyc_nypd_offense_codes.csv",16714,"39462014400ee6b1ac8c7367a9f5d52d0bb91541c3d715d4e60d31a3384760b3"
"nyc_opendata_bulk_catalog.csv",781038,"bbbfffac9fe7ee1248c049715868b952e2892eadd290e88e6d7d51bea3ed6c54"
"nyc_zctas.csv",18004,"1b1e5cbd91aaba153c35244c1f564d6b6c5a24ec4463561a053e743c37a8cace"
"otis_a01_restrictive_confinement_sample.csv",615,"c072e43703ca763dd579bc9fed84d7d575e5886d98760b1eef1ec8c885e2fa19"
"otis_b01_sample.csv",84767,"78c52ad12b27217b081ff6f47ba6cc21d1e14a11cac478194adc58da40e25ea1"
"otis_b01_segregation_detailed_sample.csv",860,"aec34f87928dda63203ba5ba2bf921bc19e34496e972f47689fe0a49d0bda4b7"
"otis_b02_segregation_total_days_sample.csv",362,"dda1c31c1060f12f4ddf5964db72f2327d8eb006df4f62256c6156b1569682c3"
"otis_b03_seg_alerts_by_institution_sample.csv",447,"3c50d0436be459fb88181baa5a151d3bb46a64d1934ceb69e0658249751ba970"
"otis_b04_seg_consecutive_by_region_sample.csv",228,"926c474cda7c65812474cefe0827f4529d5f97c172552c2cc690c0cb86a1e4a5"
"otis_b05_seg_consecutive_lengths_sample.csv",169,"b7d3623c6355d230fdb3ed39e1750a9fac388688ec6423264f738f52485a1927"
"otis_b06_seg_reason_by_institution_sample.csv",418,"be6859ea71c6431514e54bdd3c76f7fc124c7c5c9ac0035cb291607efcf8a04c"
"otis_b07_seg_alerts_by_gender_sample.csv",285,"84269cc668a6a4d579aa3b0dcc4542979a9163e13f8af827b31ffb52185ebb25"
"otis_b08_seg_consecutive_by_institution_sample.csv",358,"0824c26fefa380adbc1301fdb9b96caccbff778c9a3b77e9ca2eb389f0ef2b53"
"otis_b09_sample.csv",2659,"b6521fd5757dfc0642d2a4629ef3c1d08a966c81e16952549f5f815c8edadead"
"otis_b09_seg_n_times_sample.csv",168,"1c131e4bfd53e0d25056ebdc812d046b8fa7824e3d9cda83f84800e22b100a18"
"otis_c01_individuals_total_sample.csv",233,"64c278c9535f2022546cd3a980a92f293eb60a61a3755a81622072c50cb3d04b"
"otis_c02_individuals_by_institution_sample.csv",373,"6a382f7d59fa721a6c35ec3815d4202bda127e0665bdaf9aa2cbc5478f90d0cb"
"otis_c03_individuals_race_by_gender_sample.csv",271,"d4429ce27adf88b944c4d8d7f793d4366c41d543d393bcae004b295fb9cb8ff6"
"otis_c04_individuals_race_by_region_sample.csv",254,"2f3f9f9736dae44f36ec8029fe14b141eae407e4d1988f6b29a66b74b643c3de"
"otis_c05_individuals_religion_by_region_sample.csv",278,"0a5d138d3e78007441cf27ebb55df6a58a88342f0e7933f4bd5aa63ea101ad55"
"otis_c06_individuals_age_by_region_sample.csv",271,"dd2a4c6f24529cb90c77e2701a11927b1a618b96bd44531e0fae5d91a7966104"
"otis_c07_individuals_alerts_sample.csv",322,"ddc64586f7892abb4e7c336137e9f716af6414c99f5b5c7485de2edc0136b5ad"
"otis_c08_individuals_religion_by_gender_sample.csv",292,"574d80ee51e3385ea78e0312de49d4ea62a6bf117644d58e09feaba128353250"
"otis_c09_individuals_age_by_gender_sample.csv",287,"0def049728aa5b6f7e5805f4a90754b901475f7ba4e5eddf7459c5809338eba8"
"otis_c10_aggregate_durations_by_institution_sample.csv",425,"a3b5c92e417cb8d62054c91af1a25459a8964d16667bbc960d130b8ffdc40359"
"otis_c11_aggregate_lengths_sample.csv",228,"77f112dcc08198f726bb8bee475fb7eee1ca3c3cf5889213ba677f4bce783c87"
"otis_c11_sample.csv",982,"30b70c6336486217fd8656f2f7c021ce002bd75115792fbe05eea892f250d785"
"otis_c12_aggregate_durations_by_region_sample.csv",293,"534389af52a1d6ab2c8b072eb5d8d75b59aa78c5a7d5e5a02218e9e6de719e92"
"otis_d01_deaths_in_custody_sample.csv",453,"cf9f8e9edbf902716beb2fb4ceb248240f0214cc887ba307c21ca2f29ad63e2f"
"otis_d02_deaths_by_gender_sample.csv",118,"c48ccfd46bb0aaa3c79484168f10a6e04d7730dcbb0566f33e952d81ab3466bd"
"otis_d03_deaths_by_race_sample.csv",127,"83ea35c7640a8e40053fbdea3e246c131e557b2feea68bb164ae6f8af2b1a731"
"otis_d04_deaths_by_religion_sample.csv",131,"752f5ab8c7a2b4e380b5327fa23ff1eacff168c82ffdb3e1f0e26b7fcd89be6a"
"otis_d05_deaths_by_age_category_sample.csv",142,"5825bb6b7835b6e16ae475b0ad968395524f16692a8e26079a040f397bd87518"
"otis_d06_cause_by_alert_sample.csv",266,"09ad77541f75b7fa3aad7132a9a07f7844e14888253608943adc165caefb5ba2"
"otis_d07_alerts_by_housing_unit_sample.csv",278,"efcf95f2ec62cc078d51cd5154d6860a8372c7952929ec12f88084fd00439ae3"
"OTIS_DATA_DICTIONARY.md",23210,"bc143646019d8edb68a23f8c2fa74616dfe04b83c66483f4ac4a6a7ae886dc00"
"otis_dictionary.json",61388,"8207bd3430a1051479e048853e3b855fc83479513cc8a2951b6a814edf2d9d66"
"ottawa_opendata_bulk_catalog.csv",34490,"3d45d19eede30b47b3491ffefa4b0f6af029f559eba23a6f1a1450d31fc13833"
"ottawa_opendata_crime_adjacent_catalog.csv",12764,"ffdcce6454666a35526395d8923479a720b140048857aeab2deb05ed07e12598"
"parquet/_catalog.parquet",4499,"4dd315521033b336e13e72d1ff61fa5a21d4c6923ff2697cddbfdd374a4d0382"
"parquet/arsau_2020_2022_useofforce_agrregatesummarybyyear_2020_2022.parquet",750,"d27ffc09809167e2fb54391611b60efcaee1facb2e15cc6f0b920f9d22c4ffb2"
"parquet/arsau_2020_2022_useofforce_detaileddataset_2020_2022.parquet",24176,"3cf682557842501c5b87dfc8119894d489dae383dc5d84614288eef2098cf606"
"parquet/arsau_2023_uof_individual_records.parquet",17386,"8e01c1f001f152c45470870d782b7570601df4808482308afb43c13bac6ea356"
"parquet/arsau_2023_uof_main_records.parquet",3225,"3ac61169a4a467c2e1a2eae06dd8c0ca8094b8bfb96c1c420bd021ed95a75d82"
"parquet/arsau_2023_uof_probe_cycle_records.parquet",497,"46d788531980e3c8c2ce6495d54666fdad0bf160af494d3ca0a7eb0dbdbd301d"
"parquet/arsau_2023_uof_weapon_records_invaliddata.parquet",708,"37bc643c8ea73cc1d967680404cad2e6183f53ea64d6820798a3223af048b249"
"parquet/arsau_2024_uof_individual_records.parquet",17386,"8e01c1f001f152c45470870d782b7570601df4808482308afb43c13bac6ea356"
"parquet/arsau_2024_uof_main_records.parquet",3225,"3ac61169a4a467c2e1a2eae06dd8c0ca8094b8bfb96c1c420bd021ed95a75d82"
"parquet/arsau_2024_uof_probe_cycle_records.parquet",497,"46d788531980e3c8c2ce6495d54666fdad0bf160af494d3ca0a7eb0dbdbd301d"
"parquet/arsau_2024_uof_weapon_records.parquet",708,"37bc643c8ea73cc1d967680404cad2e6183f53ea64d6820798a3223af048b249"
"parquet/arsau_uof_detailed_dataset_2020_2022_sample.parquet",24176,"3cf682557842501c5b87dfc8119894d489dae383dc5d84614288eef2098cf606"
"parquet/arsau_uof_individual_records_sample.parquet",17386,"8e01c1f001f152c45470870d782b7570601df4808482308afb43c13bac6ea356"
"parquet/calgary_community_crime_stats_sample.parquet",1632,"ebadd1a70a667d5a0ad19d9a3435957d9f6345851d3c295d6a8b6ef8fba444e5"
"parquet/calgary_fire_response_calls_sample.parquet",3677,"4e5089b0b42937abd36bb330d379c94ab4f6b50c5ea3d4cd2a5fa13b423b392d"
"parquet/calgary_fire_stations.parquet",2895,"31782cb142696312852f98eeab213086c873089dbc269dc19ea621fd3d81ae67"
"parquet/calgary_opendata_bulk_catalog.parquet",51296,"aced07adc7fa69275134f1bb3baa5575878c282c000586f416a5485ca4f8954f"
"parquet/calgary_opendata_crime_adjacent_catalog.parquet",3672,"f6e90066185b0b91cc24f03ebc198a58ab9abaebf6a5a3fbb20877a8f6be428e"
"parquet/chicago_iucr_codes.parquet",6010,"c9798cddc763eb6fe9386db0332937c7cc4e23a1fb6333bdd4d9a75b02a286f4"
"parquet/chicago_neighborhoods.parquet",3566,"a013314ba99255bbef5281b149562dbab8adc3c8906577608c6e6cf8ca06d675"
"parquet/chicago_opendata_bulk_catalog.parquet",101829,"b1348391c8313124e04be3acfcd9e6f3047728b89c470152033d688f0e6d30bf"
"parquet/cihi_data_tables.parquet",12690,"77a906e6f3f59e2b4883eb6486bf5a01bbd10b17779db81c58b627c6b9cb7183"
"parquet/cpads_pumf_synthetic.parquet",107236,"e496cc325e351522facd14f505895962256cb2fbe6f7c209cf6a1bdf8e43543f"
"parquet/edmonton_opendata_bulk_catalog.parquet",109591,"26b3cd107fd6ff3e1a46bd10eea36c459282ae128b6f49641e738124b49990ce"
"parquet/edmonton_opendata_crime_adjacent_catalog.parquet",4742,"c0b17d2e4f235f469658d30f34b25334de28043876133bfcdbe5e346cd14d858"
"parquet/montreal_opendata_bulk_catalog.parquet",17948,"c6df37f9e861a85cfa8d1afe18b146dc01eae221226453980c179379553cea86"
"parquet/montreal_sim_intervention_types.parquet",3981,"e28e7d054cd7dfb243e0b74779f028c3e4f41e7211244c4208280b5d3e7923e0"
"parquet/montreal_sim_interventions_sample.parquet",15541,"77d9318a86fc077d0cb2ac3cddb0c619951c4e0f1696149e14bffc75a9f07c4e"
"parquet/nibrs_synthetic.parquet",881,"546c6a7fa75a15163e12bbc60469492146ceb827a149fba330b3ad173a46eade"
"parquet/nist_rds_synthetic.parquet",11527,"4cad8d676758843f41bf52d8752a2b645cbbabe32d04b6c8f412dcb6ee731c75"
"parquet/nyc_ntas_2020.parquet",12149,"7cdc96f0b636d98ecc8f1830038a17add5215b1dee972f475fd75c1e292c0fd1"
"parquet/nyc_nypd_offense_codes.parquet",4485,"e39bdb20d01d1d2616048c4a64e1f1e78695c6f1f5dc335d2fb63dea7af9246f"
"parquet/nyc_opendata_bulk_catalog.parquet",206637,"fa41eda149e083ac39b9c35b3686e22253ddd7366678be7a6e9d47b8200706c8"
"parquet/nyc_zctas.parquet",8353,"032011d3260f4984983975183afe3a882b5b37162e0d6b8d85cc6d678ea47811"
"parquet/otis_a01_restrictive_confinement_sample.parquet",1438,"5ab53494ff13360524804cfe7b8cb96dee4123c45738f2db89326deab65888b4"
"parquet/otis_b01_sample.parquet",11540,"f4dc035103a73b9c001ba36b667dacfb2cef7260358cd98b9148099fe6af47ef"
"parquet/otis_b01_segregation_detailed_sample.parquet",2630,"c5d86cbda658fc0e59e3d1394781c6c427169e9d335626c8aeef92de767bb205"
"parquet/otis_b02_segregation_total_days_sample.parquet",902,"a5138ce54cd5c96c336812d1adfd2b98f37cf435719bc02bde3883107d3a99f7"
"parquet/otis_b03_seg_alerts_by_institution_sample.parquet",957,"4f7ddb810dfc435c5c9692e2e77624f0777dee34f9b4efb819f434e4c03ba477"
"parquet/otis_b04_seg_consecutive_by_region_sample.parquet",729,"cd9f46de0120dc132b40736dd5d069df13a8c1a0a6d915ec54f164f5c40ef907"
"parquet/otis_b05_seg_consecutive_lengths_sample.parquet",491,"9d53f8ecb1b10971e2602954ef7990576d11c405138e6ad280ab4bbd00f7302e"
"parquet/otis_b06_seg_reason_by_institution_sample.parquet",962,"0d619b4b35df852c982f1cee92c621fa2c4acf244ca3239f606d29bd4109187b"
"parquet/otis_b07_seg_alerts_by_gender_sample.parquet",788,"dbae9c0557378526a4b222eaa55c30d2c3c22f960c6b3174c75df167b3ea1f3b"
"parquet/otis_b08_seg_consecutive_by_institution_sample.parquet",902,"0194350c8da6db1bebd80c93614697452751f5782ea2289e94d8d4f69882643b"
"parquet/otis_b09_sample.parquet",890,"7d8632618612e6be8f679a538c545f96d1e1602763c031adf92f0e46d8afd34a"
"parquet/otis_b09_seg_n_times_sample.parquet",593,"abff34f4d76df75c418620e61d945e41da329f4c46e7b92cb80a69dc57cc905d"
"parquet/otis_c01_individuals_total_sample.parquet",756,"f1fbdb2b8630dda7f6aeb30ca2868d71fe5f70ba5c22f866d24f7abff6d203c4"
"parquet/otis_c02_individuals_by_institution_sample.parquet",954,"966f4fd9ce25e8cef364f19f8e6ccf9ef11eeaa187e96031a64163a2b8dd8cda"
"parquet/otis_c03_individuals_race_by_gender_sample.parquet",890,"f8325531439e6aeaada0bc9b225aff2e73166cfeabec7960c3e9f24d6eba8a6a"
"parquet/otis_c04_individuals_race_by_region_sample.parquet",807,"8ffa0c687dbdb86260488d229b78c0d3a78e6168e9d024cae6a930b66041b838"
"parquet/otis_c05_individuals_religion_by_region_sample.parquet",835,"8870ab5c8c5217d629432d3c69a868a662061daecacb7962818af2947431890a"
"parquet/otis_c06_individuals_age_by_region_sample.parquet",817,"e2d1a8f559e4d2453ae18b0260e06756a65651ed639a9352abe8fd7614b24be5"
"parquet/otis_c07_individuals_alerts_sample.parquet",907,"175dc3b2b671a6b4f0b6e0cf083821ef1d2264914104b912c41d1845450ef94d"
"parquet/otis_c08_individuals_religion_by_gender_sample.parquet",918,"0ad59e426face9c40a234ef09ce9988cde33ad048fe2d7b3e16b8cf0652fcf39"
"parquet/otis_c09_individuals_age_by_gender_sample.parquet",898,"64a101522bc34ce7d067ddc919a146336d6d369a26ef97ad27ec6dd0c1c05d0d"
"parquet/otis_c10_aggregate_durations_by_institution_sample.parquet",1090,"fd3e21f5832398159c68a867f7905c8d72b540b49d04e00455e89d445f4d06bb"
"parquet/otis_c11_aggregate_lengths_sample.parquet",658,"092564fd118e40df926afe5cf7fc11959db29994714a9a37f49c6fc0cfc28e92"
"parquet/otis_c11_sample.parquet",900,"9d2813ba19749765f5e0af9d55799fa1c478b99f33eb66cd1c801c1cb9b78dd4"
"parquet/otis_c12_aggregate_durations_by_region_sample.parquet",915,"d4906da78281f655462accf3cb80794f7e046261a67a7e6789ca813eac8579aa"
"parquet/otis_d01_deaths_in_custody_sample.parquet",995,"2fc66661f5cb496f720c8ada8aa7a667f4a12688a27f27b1348eab991633e7fd"
"parquet/otis_d02_deaths_by_gender_sample.parquet",401,"0d503c4243bf489dd23338e4f09dcc34a4f1e603f2b7c1e987dc92e9275dce49"
"parquet/otis_d03_deaths_by_race_sample.parquet",428,"5e138ef3d81ce1a9e42bca769378930977126831ed59b77e9cbc8a50465f410b"
"parquet/otis_d04_deaths_by_religion_sample.parquet",444,"67cc91e0f8dd614b5df3f84844ce00bca286964d16a36b38f83cae8d24871ac9"
"parquet/otis_d05_deaths_by_age_category_sample.parquet",442,"64e9b2a34fb9ea0db2065ee3a2cbd3473d64fd2cea55272276362026dd5a1ff6"
"parquet/otis_d06_cause_by_alert_sample.parquet",612,"d3b4bda52a58201fd243347a2175fdd9a7a9a5396bd9b1a063d74ad6b20b734b"
"parquet/otis_d07_alerts_by_housing_unit_sample.parquet",607,"3bcdfaa84f8a7cd4f221b0f866206a6ef63762f42c4ece2808894a481fbca942"
"parquet/ottawa_opendata_bulk_catalog.parquet",10657,"62a05af21feaa5ce6e28ecd51178c50f47680c7bcd2e4c679f96d8b87cab8ee3"
"parquet/ottawa_opendata_crime_adjacent_catalog.parquet",4347,"e3df0d82be0060e9831f4fcf9ee2c88730e21ce15cb6d730ecca2cf4650e7dbd"
"parquet/samples_otis_b01_sample.parquet",11540,"f4dc035103a73b9c001ba36b667dacfb2cef7260358cd98b9148099fe6af47ef"
"parquet/samples_otis_b09_sample.parquet",890,"7d8632618612e6be8f679a538c545f96d1e1602763c031adf92f0e46d8afd34a"
"parquet/samples_otis_c11_sample.parquet",900,"9d2813ba19749765f5e0af9d55799fa1c478b99f33eb66cd1c801c1cb9b78dd4"
"parquet/samples_tps_assault_sample.parquet",72610,"55754058bafed6a684ee6a9487099ea846500394c09b88955cd16de77cee7580"
"parquet/siu_directors_reports.parquet",2053237,"83f90c2b3ea0e52aeb7f34a72bdb180a0b261bbd475e00bb016e2e07c0146a0d"
"parquet/siu_drid_manifest.parquet",37117,"acce88cd67a1b31f7699ab87eee7fca1377e94195b500d75dac55b326e6a92c9"
"parquet/to_hood_158_140_crosswalk.parquet",5223,"d5391e9304869e888d6ef82a34b1f22f11f8c272936b3d1a6fbfe3e3101164e3"
"parquet/to_neighbourhood_improvement_areas.parquet",3496,"8bdc5d9fa16aa6aef8acfca0fae3f62816618a2f533b315e90e0b348d89842a0"
"parquet/to_neighbourhoods_140.parquet",6457,"5f884342b67efdfcc6097f12864c5ddcddefe34f5b45ab7ee300056aea3a5b90"
"parquet/to_neighbourhoods_158.parquet",6575,"8ed3faf9ccf33eea95b6c30fb7c4452fc5301cb2f044b3957426166cdfcf7f2d"
"parquet/toronto_ambulance_stations.parquet",7451,"e42e11f339dddc335250861ceedce243b3ff7880e4a8bf296167a93d9d896ea9"
"parquet/toronto_opendata_bulk_catalog.parquet",21212,"d5dba5e12a8802f197ca3b33eacf9b6926ddd1858495f6172c0f04e84178860c"
"parquet/toronto_opendata_crime_adjacent_catalog.parquet",9052,"6b8d15b8287da344d605bc01348594696d4537d6a3ea8f2465aa1fb4863bb237"
"parquet/tps_arcgis_hub_catalog.parquet",7068,"15814a9e294f362c44decd93ac469fdc520127a110d618534951501feb35dc5b"
"parquet/tps_assault_sample.parquet",72610,"55754058bafed6a684ee6a9487099ea846500394c09b88955cd16de77cee7580"
"parquet/vancouver_community_food_markets.parquet",6079,"2fb20b194a4f247d63acdb5fbdacb9b94a0af89174852ef034b1e70b160f0ffa"
"parquet/vancouver_disability_parking.parquet",3745,"571b2107eae39e78661ff71936ac64277b78f6d1bfbfd9ce50e281e4ed1b0c45"
"parquet/vancouver_graffiti_sample.parquet",2294,"d6a86357cad85f40eb32f9790efd233749bbcb99e27b07dceae36899a676b657"
"parquet/vancouver_opendata_bulk_catalog.parquet",6121,"60b798a38f63d477e0e6ae110fcb32a9c9c2cfdda2ceac69055d15125ae91f9d"
"parquet/vancouver_opendata_catalog.parquet",5420,"ed421b19fb387e7ed6f58617594897899496f4e04ff11d1f7efb54929463e4e5"
"parquet/vancouver_public_art.parquet",39684,"ccba8845d441bcd04852f42961a386c258610cea2949bb19909111aea90b0251"
"parquet/vic_alleged_offender_incidents.parquet",16349,"9f85c6f8940d903addf00c08fac88e40305594c82137c529828f4c9741fd49d3"
"parquet/vic_criminal_incidents.parquet",14229,"3dc7d166a62bfdab10af2899ae385ade844ae33890556b7ef0b75dfcc8eb8d83"
"parquet/vic_family_incidents.parquet",1786,"97ac51da0ac9a708d19a8ec9b4d2c2bd28753beac29b5b3cd8ccdd9141d174a1"
"parquet/vic_indigenous_family_incidents.parquet",2775,"e42bb7b9eeca40810d9d7f42e6b0284cf0b4d793277cb914b514770ffa20199d"
"parquet/vic_indigenous_victim_reports.parquet",3200,"1e193c7e3fbc18a8264586d93316f61ce98392c2387f99adc8c8e006bb9142aa"
"parquet/vic_lga_criminal_incidents.parquet",10425,"d7df3617278bf6d62bde437b62785ea4ca0b9c8524354c7af6abe80838451229"
"parquet/vic_lga_family_incidents.parquet",5941,"74e130dbceb96093701dbb83e920a2843d9c73a0f022cc0956a459317b26ba24"
"parquet/vic_lga_victim_reports.parquet",10303,"1985c014d8b5182f0a5ed723892dcfcb5c5f01ee53582f389fdce6829b615c73"
"parquet/vic_recorded_offences.parquet",14820,"a606c46bbcb3cd5bf406e7147499f4e7e75f2a6e181183b9aafa5765ecd00d6d"
"parquet/vic_victim_reports.parquet",5069,"249c3295595ae3020734e4755da5cba876f9de59114c5a565f5a34c3a73996ef"
"parquet/vpd_crime_sample.parquet",13699,"c08589289cb52de0e4a6b91bb3d1c80104a81568fddf3d464aa541f9dad828c2"
"siu_directors_reports.csv.gz",2378925,"db4f4388cb505f368a95c87a907d1f10148ffd18898f5b8d25fbd3ba3c8e2cb5"
"siu_drid_manifest.csv.gz",55939,"973b2e626ef0379975b68e2b304520f218dc0551276db7b045ef9ba57b7aa69a"
"to_hood_158_140_crosswalk.csv",11545,"ea50f4dc92782ec5dae78a8d493d0f782b3dc665df55a3d5bab442d78efe637a"
"to_neighbourhood_improvement_areas.csv",5775,"23d8c12459d175be06a77f3404adbc382b83c01b296775d5b0e1c6c0145df54e"
"to_neighbourhoods_140.csv",18240,"78697070a3467420dbb48b3fb5fe95c5895be6d326997def07ef5c94ea82ffa1"
"to_neighbourhoods_158.csv",19800,"ac9fd0eaec02e42d1158ddd0308b1338f0ee60f0297b4123a07633ec1aeedee5"
"toronto_ambulance_stations.csv",15931,"514a5b0229d8aeef5496d4f9e4207792c821b12400a67971a2f57a568d988ed2"
"toronto_opendata_bulk_catalog.csv",66935,"640d84ba621118b433c544ff82c0faf275e7158efd86cfb3ffe442a42deb3af2"
"toronto_opendata_crime_adjacent_catalog.csv",25417,"557269c612d73e79571b9dc595d7a4efa97bc69a12ab83f041c60f180d229b15"
"tps_arcgis_hub_catalog.csv",25533,"08148da95359993b647cabbd0525513eb02008979c3cddc908b3badfa3639ba0"
"tps_assault_sample.csv",342439,"945c3de1ba61f7cbdad7592f5f081e86fed85a9dfea5f3fa58d8b68f649ea645"
"tps_dictionary.json",58372,"a6fd8cd6b9841e59bd88b5dc87838100ad9a70ac388a4e2aaafd515538dea0f9"
"uof_dictionary.json",155792,"92fd69f644286d30d9433ad469b10e2205b302b64b0d09bc5f2ac2fca6bcba06"
"vancouver_community_food_markets.csv",19860,"40e9751f72461442a3ca3b7dbcb1be601cc0ad9ccddaddb161843455736c5980"
"vancouver_disability_parking.csv",10779,"79e6e4da07c6606e48c531e0d0b1f86c3c605e137a1dee18a1ceb5df26561e4e"
"vancouver_graffiti_sample.csv",5309,"4bf2fd6809bf7f383e41c9e85ea8d5a8ae66d755aab4e0112608fcafa5cb838e"
"vancouver_opendata_bulk_catalog.csv",28269,"50732b4f89a3505cf5f6b557e531d0b881e6218d550b112f650913066c0cdb9d"
"vancouver_opendata_catalog.csv",16357,"0c1c03de67cc7ba3379c6e1bbb4a502da5d613514f36e5a769d17afa06b4b2a8"
"vancouver_public_art.csv",98584,"0870e8c502b9e20dd8550b41d8ddf0a564061bdd7aaf574f15364a70b1757041"
"vic/vic_alleged_offender_incidents.csv",102098,"e60f6b1f03d2960d67e7e2151df6032101df467813eee7b3b9de255d5792cb2a"
"vic/vic_criminal_incidents.csv",136445,"1f8d59e7adf3e423fe302b56ccb4535d32ca661841c498dd259b84647c255179"
"vic/vic_family_incidents.csv",5678,"388face342726bf4114f5e2486731e25b666feeb0cd8561fcbdc320858adc389"
"vic/vic_indigenous_family_incidents.csv",41487,"ecaae204ebaafba5e7935206429bd64724fefb21471b852045462bf5c329c9ed"
"vic/vic_indigenous_victim_reports.csv",52813,"abc0cc449826fc756ffd813a5dd5bdfb0ec3611cd0820be18274c29b222f757b"
"vic/vic_lga_criminal_incidents.csv",52848,"83e243af1b890eb86c0b5c495542d81da4d078972937e241d07e233759d96bf0"
"vic/vic_lga_family_incidents.csv",26191,"fdf7935c22cfe43d62a031dee49558260b74d6f4b431e6e1497a9b8e633c1928"
"vic/vic_lga_victim_reports.csv",52517,"680448b35c7045d93d9f423209f97607f19ca37aacd08e9c88b0b1f52276f246"
"vic/vic_recorded_offences.csv",137932,"48e14f6e007e4cfda755d553483f07d2bc69380c488b5aee265a893b73ed57b7"
"vic/vic_victim_reports.csv",34995,"ea39d6fe8f718abb52f744518e14c8fa7876a6caaa996c05fe1f42bbdc1d6f00"
"vpd_crime_sample.csv",55586,"1aa26aa91e09bf54f718dcd9fab6f23e7c9cfe414c68863357acf9fe3299bdaf"
