"Year","Year ending","Offence Division","Offence Subdivision","Offence Group","Victim Reports","Rate per 100,000 population"
2026,"March","A Crimes against the person","A10 Homicide and related offences","A10 Homicide and related offences",228,3.168238432
2026,"March","A Crimes against the person","A20 Assault and related offences","A21 Serious assault",17987,249.943441525
2026,"March","A Crimes against the person","A20 Assault and related offences","A22 Assault police, emergency services or other authorised officer",3201,44.480400085
2026,"March","A Crimes against the person","A20 Assault and related offences","A23 Common assault",28904,401.643700108
2026,"March","A Crimes against the person","A30 Sexual offences","A31 Rape",4369,60.710674155
2026,"March","A Crimes against the person","A30 Sexual offences","A32 Indecent assault",4318,60.001989243
2026,"March","A Crimes against the person","A30 Sexual offences","A33 Incest",164,2.278908345
2026,"March","A Crimes against the person","A30 Sexual offences","A34 Sexual offences against children",422,5.864020255
2026,"March","A Crimes against the person","A30 Sexual offences","A39 Other sexual offences",2455,34.114146269
2026,"March","A Crimes against the person","A40 Abduction and related offences","A40 Abduction and related offences",498,6.920099732
2026,"March","A Crimes against the person","A50 Robbery","A51 Aggravated robbery",2595,36.059555832
2026,"March","A Crimes against the person","A50 Robbery","A52 Non-aggravated robbery",336,4.668982952
2026,"March","A Crimes against the person","A60 Blackmail and extortion","A61 Blackmail",234,3.251613127
2026,"March","A Crimes against the person","A60 Blackmail and extortion","A62 Extortion",147,2.042680041
2026,"March","A Crimes against the person","A70 Stalking, harassment and threatening behaviour","A71 Stalking & A72 Harassment and private nuisance",2608,36.240201006
2026,"March","A Crimes against the person","A70 Stalking, harassment and threatening behaviour","A73 Threatening behaviour",5720,79.48387644
2026,"March","A Crimes against the person","A80 Dangerous and negligent acts endangering people","A80 Dangerous and negligent acts endangering people",3229,44.869481997
2026,"March","B Property and deception offences","B10 Arson","B10 Arson",1622,22.538959368
2026,"March","B Property and deception offences","B20 Property damage","B21 Criminal damage",26477,367.918635752
2026,"March","B Property and deception offences","B20 Property damage","B22 Graffiti",921,12.798015769
2026,"March","B Property and deception offences","B20 Property damage","B29 Other property damage offences",350,4.863523908
2026,"March","B Property and deception offences","B30 Burglary/Break and enter","B31 Aggravated burglary",6300,87.543430345
2026,"March","B Property and deception offences","B30 Burglary/Break and enter","B32 Non-aggravated burglary",19184,266.576693291
2026,"March","B Property and deception offences","B40 Theft","B41 Motor vehicle theft",23167,321.923595364
2026,"March","B Property and deception offences","B40 Theft","B42 Steal from a motor vehicle",64822,900.752419333
2026,"March","B Property and deception offences","B40 Theft","B43 Steal from a retail store",382,5.308188951
2026,"March","B Property and deception offences","B40 Theft","B44 Theft of a bicycle",6930,96.297773379
2026,"March","B Property and deception offences","B40 Theft","Other theft offences",29114,404.561814453
2026,"March","B Property and deception offences","B50 Deception","B50 Deception",11321,157.314154751
2026,"March","C Other offences","C Other offences","C Other offences",139,1.931513781
2025,"March","A Crimes against the person","A10 Homicide and related offences","A10 Homicide and related offences",221,3.124178754
2025,"March","A Crimes against the person","A20 Assault and related offences","A21 Serious assault",17183,242.9084323
2025,"March","A Crimes against the person","A20 Assault and related offences","A22 Assault police, emergency services or other authorised officer",3317,46.890954428
2025,"March","A Crimes against the person","A20 Assault and related offences","A23 Common assault",29967,423.630157174
2025,"March","A Crimes against the person","A30 Sexual offences","A31 Rape",4352,61.522289319
2025,"March","A Crimes against the person","A30 Sexual offences","A32 Indecent assault",4698,66.413537505
2025,"March","A Crimes against the person","A30 Sexual offences","A33 Incest",203,2.869720756
2025,"March","A Crimes against the person","A30 Sexual offences","A34 Sexual offences against children",528,7.464101278
2025,"March","A Crimes against the person","A30 Sexual offences","A39 Other sexual offences",1087,15.366435774
2025,"March","A Crimes against the person","A40 Abduction and related offences","A40 Abduction and related offences",570,8.057836607
2025,"March","A Crimes against the person","A50 Robbery","A51 Aggravated robbery",2950,41.702838578
2025,"March","A Crimes against the person","A50 Robbery","A52 Non-aggravated robbery",378,5.34361796
2025,"March","A Crimes against the person","A60 Blackmail and extortion","A61 Blackmail",220,3.110042199
2025,"March","A Crimes against the person","A60 Blackmail and extortion","A62 Extortion",123,1.73879632
2025,"March","A Crimes against the person","A70 Stalking, harassment and threatening behaviour","A71 Stalking & A72 Harassment and private nuisance",2533,35.807894955
2025,"March","A Crimes against the person","A70 Stalking, harassment and threatening behaviour","A73 Threatening behaviour",5809,82.11925061
2025,"March","A Crimes against the person","A80 Dangerous and negligent acts endangering people","A80 Dangerous and negligent acts endangering people",3428,48.460112083
2025,"March","B Property and deception offences","B10 Arson","B10 Arson",1613,22.802263941
2025,"March","B Property and deception offences","B20 Property damage","B21 Criminal damage",26914,380.471253385
2025,"March","B Property and deception offences","B20 Property damage","B22 Graffiti",1001,14.150692006
2025,"March","B Property and deception offences","B20 Property damage","B29 Other property damage offences",366,5.173979295
2025,"March","B Property and deception offences","B30 Burglary/Break and enter","B31 Aggravated burglary",7882,111.424330058
2025,"March","B Property and deception offences","B30 Burglary/Break and enter","B32 Non-aggravated burglary",22132,312.870245223
2025,"March","B Property and deception offences","B40 Theft","B41 Motor vehicle theft",22021,311.301087568
2025,"March","B Property and deception offences","B40 Theft","B42 Steal from a motor vehicle",65744,929.393701514
2025,"March","B Property and deception offences","B40 Theft","B43 Steal from a retail store",366,5.173979295
2025,"March","B Property and deception offences","B40 Theft","B44 Theft of a bicycle",8191,115.792525692
2025,"March","B Property and deception offences","B40 Theft","Other theft offences",31281,442.205591036
2025,"March","B Property and deception offences","B50 Deception","B50 Deception",10448,147.698731343
2025,"March","C Other offences","C Other offences","C Other offences",144,2.035663985
2024,"March","A Crimes against the person","A10 Homicide and related offences","A10 Homicide and related offences",210,3.021164987
2024,"March","A Crimes against the person","A20 Assault and related offences","A21 Serious assault",15000,215.79749908
2024,"March","A Crimes against the person","A20 Assault and related offences","A22 Assault police, emergency services or other authorised officer",2847,40.958365325
2024,"March","A Crimes against the person","A20 Assault and related offences","A23 Common assault",27476,395.283472314
2024,"March","A Crimes against the person","A30 Sexual offences","A31 Rape",4024,57.891275753
2024,"March","A Crimes against the person","A30 Sexual offences","A32 Indecent assault",4706,67.702868711
2024,"March","A Crimes against the person","A30 Sexual offences","A33 Incest",212,3.049937987
2024,"March","A Crimes against the person","A30 Sexual offences","A34 Sexual offences against children",482,6.93429297
2024,"March","A Crimes against the person","A30 Sexual offences","A39 Other sexual offences",941,13.537696442
2024,"March","A Crimes against the person","A40 Abduction and related offences","A40 Abduction and related offences",465,6.689722471
2024,"March","A Crimes against the person","A50 Robbery","A51 Aggravated robbery",2548,36.656801844
2024,"March","A Crimes against the person","A50 Robbery","A52 Non-aggravated robbery",384,5.524415976
2024,"March","A Crimes against the person","A60 Blackmail and extortion","A61 Blackmail",365,5.251072478
2024,"March","A Crimes against the person","A60 Blackmail and extortion","A62 Extortion",75,1.078987495
2024,"March","A Crimes against the person","A70 Stalking, harassment and threatening behaviour","A71 Stalking & A72 Harassment and private nuisance",2298,33.060176859
2024,"March","A Crimes against the person","A70 Stalking, harassment and threatening behaviour","A73 Threatening behaviour",5163,74.277499183
2024,"March","A Crimes against the person","A80 Dangerous and negligent acts endangering people","A80 Dangerous and negligent acts endangering people",3340,48.050909795
2024,"March","B Property and deception offences","B10 Arson","B10 Arson",1223,17.594689425
2024,"March","B Property and deception offences","B20 Property damage","B21 Criminal damage",23784,342.168514541
2024,"March","B Property and deception offences","B20 Property damage","B22 Graffiti",1034,14.875640937
2024,"March","B Property and deception offences","B20 Property damage","B29 Other property damage offences",348,5.006501979
2024,"March","B Property and deception offences","B30 Burglary/Break and enter","B31 Aggravated burglary",5998,86.290226632
2024,"March","B Property and deception offences","B30 Burglary/Break and enter","B32 Non-aggravated burglary",18971,272.926290336
2024,"March","B Property and deception offences","B40 Theft","B41 Motor vehicle theft",14603,210.086058604
2024,"March","B Property and deception offences","B40 Theft","B42 Steal from a motor vehicle",47847,688.350862564
2024,"March","B Property and deception offences","B40 Theft","B43 Steal from a retail store",269,3.869968483
2024,"March","B Property and deception offences","B40 Theft","B44 Theft of a bicycle",7552,108.646847537
2024,"March","B Property and deception offences","B40 Theft","Other theft offences",27087,389.687123838
2024,"March","B Property and deception offences","B50 Deception","B50 Deception",10376,149.274323363
2024,"March","C Other offences","C Other offences","C Other offences",105,1.510582494
2023,"March","A Crimes against the person","A10 Homicide and related offences","A10 Homicide and related offences",197,2.89826544
2023,"March","A Crimes against the person","A20 Assault and related offences","A21 Serious assault",14274,209.999192311
2023,"March","A Crimes against the person","A20 Assault and related offences","A22 Assault police, emergency services or other authorised officer",2905,42.738381229
2023,"March","A Crimes against the person","A20 Assault and related offences","A23 Common assault",28048,412.642380968
2023,"March","A Crimes against the person","A30 Sexual offences","A31 Rape",3593,52.860242257
2023,"March","A Crimes against the person","A30 Sexual offences","A32 Indecent assault",4307,63.364615474
2023,"March","A Crimes against the person","A30 Sexual offences","A33 Incest",211,3.104233542
2023,"March","A Crimes against the person","A30 Sexual offences","A34 Sexual offences against children",429,6.311451135
2023,"March","A Crimes against the person","A30 Sexual offences","A39 Other sexual offences",837,12.313950117
2023,"March","A Crimes against the person","A40 Abduction and related offences","A40 Abduction and related offences",481,7.076475515
2023,"March","A Crimes against the person","A50 Robbery","A51 Aggravated robbery",2127,31.292439544
2023,"March","A Crimes against the person","A50 Robbery","A52 Non-aggravated robbery",307,4.516586243
2023,"March","A Crimes against the person","A60 Blackmail and extortion","A61 Blackmail",477,7.017627486
2023,"March","A Crimes against the person","A60 Blackmail and extortion","A62 Extortion",66,0.970992482
2023,"March","A Crimes against the person","A70 Stalking, harassment and threatening behaviour","A71 Stalking & A72 Harassment and private nuisance",2248,33.072592428
2023,"March","A Crimes against the person","A70 Stalking, harassment and threatening behaviour","A73 Threatening behaviour",5237,77.046782271
2023,"March","A Crimes against the person","A80 Dangerous and negligent acts endangering people","A80 Dangerous and negligent acts endangering people",3421,50.329777
2023,"March","B Property and deception offences","B10 Arson","B10 Arson",1022,15.035671469
2023,"March","B Property and deception offences","B20 Property damage","B21 Criminal damage",21613,317.970613942
2023,"March","B Property and deception offences","B20 Property damage","B22 Graffiti",1000,14.712007308
2023,"March","B Property and deception offences","B20 Property damage","B29 Other property damage offences",317,4.663706317
2023,"March","B Property and deception offences","B30 Burglary/Break and enter","B31 Aggravated burglary",5039,74.133804824
2023,"March","B Property and deception offences","B30 Burglary/Break and enter","B32 Non-aggravated burglary",17543,258.0927442
2023,"March","B Property and deception offences","B40 Theft","B41 Motor vehicle theft",12151,178.765600796
2023,"March","B Property and deception offences","B40 Theft","B42 Steal from a motor vehicle",40448,595.071271584
2023,"March","B Property and deception offences","B40 Theft","B43 Steal from a retail store",210,3.089521535
2023,"March","B Property and deception offences","B40 Theft","B44 Theft of a bicycle",6550,96.363647866
2023,"March","B Property and deception offences","B40 Theft","Other theft offences",23808,350.263469983
2023,"March","B Property and deception offences","B50 Deception","B50 Deception",9888,145.472328259
2023,"March","C Other offences","C Other offences","C Other offences",95,1.397640694
2022,"March","A Crimes against the person","A10 Homicide and related offences","A10 Homicide and related offences",177,2.675643122
2022,"March","A Crimes against the person","A20 Assault and related offences","A21 Serious assault",14116,213.386318122
2022,"March","A Crimes against the person","A20 Assault and related offences","A22 Assault police, emergency services or other authorised officer",3008,45.470816443
2022,"March","A Crimes against the person","A20 Assault and related offences","A23 Common assault",25839,390.598545901
2022,"March","A Crimes against the person","A30 Sexual offences","A31 Rape",3640,55.024525217
2022,"March","A Crimes against the person","A30 Sexual offences","A32 Indecent assault",4265,64.472417596
2022,"March","A Crimes against the person","A30 Sexual offences","A33 Incest",218,3.295424862
2022,"March","A Crimes against the person","A30 Sexual offences","A34 Sexual offences against children",445,6.726899374
2022,"March","A Crimes against the person","A30 Sexual offences","A39 Other sexual offences",656,9.916507841
2022,"March","A Crimes against the person","A40 Abduction and related offences","A40 Abduction and related offences",500,7.558313903
2022,"March","A Crimes against the person","A50 Robbery","A51 Aggravated robbery",1956,29.56812399
2022,"March","A Crimes against the person","A50 Robbery","A52 Non-aggravated robbery",279,4.217539158
2022,"March","A Crimes against the person","A60 Blackmail and extortion","A61 Blackmail",150,2.267494171
2022,"March","A Crimes against the person","A60 Blackmail and extortion","A62 Extortion",58,0.876764413
2022,"March","A Crimes against the person","A70 Stalking, harassment and threatening behaviour","A71 Stalking & A72 Harassment and private nuisance",2271,34.329861749
2022,"March","A Crimes against the person","A70 Stalking, harassment and threatening behaviour","A73 Threatening behaviour",5252,79.392529242
2022,"March","A Crimes against the person","A80 Dangerous and negligent acts endangering people","A80 Dangerous and negligent acts endangering people",3233,48.8720577
2022,"March","B Property and deception offences","B10 Arson","B10 Arson",1019,15.403843735
2022,"March","B Property and deception offences","B20 Property damage","B21 Criminal damage",21132,319.444578814
2022,"March","B Property and deception offences","B20 Property damage","B22 Graffiti",891,13.468915376
2022,"March","B Property and deception offences","B20 Property damage","B29 Other property damage offences",272,4.111722763
2022,"March","B Property and deception offences","B30 Burglary/Break and enter","B31 Aggravated burglary",3853,58.24436694
2022,"March","B Property and deception offences","B30 Burglary/Break and enter","B32 Non-aggravated burglary",15759,238.222937608
2022,"March","B Property and deception offences","B40 Theft","B41 Motor vehicle theft",10634,160.750220098
2022,"March","B Property and deception offences","B40 Theft","B42 Steal from a motor vehicle",38886,587.825188897
2022,"March","B Property and deception offences","B40 Theft","B43 Steal from a retail store",166,2.509360216
2022,"March","B Property and deception offences","B40 Theft","B44 Theft of a bicycle",6751,102.052354324
2022,"March","B Property and deception offences","B40 Theft","Other theft offences",21253,321.273690779
2022,"March","B Property and deception offences","B50 Deception","B50 Deception",8351,126.238958815
2022,"March","C Other offences","C Other offences","C Other offences",115,1.738412198
2021,"March","A Crimes against the person","A10 Homicide and related offences","A10 Homicide and related offences",193,2.947545
2021,"March","A Crimes against the person","A20 Assault and related offences","A21 Serious assault",14365,219.385927107
2021,"March","A Crimes against the person","A20 Assault and related offences","A22 Assault police, emergency services or other authorised officer",3416,52.170019283
2021,"March","A Crimes against the person","A20 Assault and related offences","A23 Common assault",25683,392.237296616
2021,"March","A Crimes against the person","A30 Sexual offences","A31 Rape",3449,52.674003661
2021,"March","A Crimes against the person","A30 Sexual offences","A32 Indecent assault",3907,59.668695942
2021,"March","A Crimes against the person","A30 Sexual offences","A33 Incest",245,3.741702203
2021,"March","A Crimes against the person","A30 Sexual offences","A34 Sexual offences against children",459,7.009964535
2021,"March","A Crimes against the person","A30 Sexual offences","A39 Other sexual offences",609,9.300802618
2021,"March","A Crimes against the person","A40 Abduction and related offences","A40 Abduction and related offences",511,7.804121737
2021,"March","A Crimes against the person","A50 Robbery","A51 Aggravated robbery",2167,33.094974176
2021,"March","A Crimes against the person","A50 Robbery","A52 Non-aggravated robbery",296,4.520587151
2021,"March","A Crimes against the person","A60 Blackmail and extortion","A61 Blackmail",106,1.618858912
2021,"March","A Crimes against the person","A60 Blackmail and extortion","A62 Extortion",59,0.901062979
2021,"March","A Crimes against the person","A70 Stalking, harassment and threatening behaviour","A71 Stalking & A72 Harassment and private nuisance",2442,37.294843995
2021,"March","A Crimes against the person","A70 Stalking, harassment and threatening behaviour","A73 Threatening behaviour",5652,86.318778977
2021,"March","A Crimes against the person","A80 Dangerous and negligent acts endangering people","A80 Dangerous and negligent acts endangering people",3466,52.933631977
2021,"March","B Property and deception offences","B10 Arson","B10 Arson",1044,15.944233059
2021,"March","B Property and deception offences","B20 Property damage","B21 Criminal damage",21601,329.895956243
2021,"March","B Property and deception offences","B20 Property damage","B22 Graffiti",975,14.890447541
2021,"March","B Property and deception offences","B20 Property damage","B29 Other property damage offences",318,4.856576737
2021,"March","B Property and deception offences","B30 Burglary/Break and enter","B31 Aggravated burglary",3542,54.094323273
2021,"March","B Property and deception offences","B30 Burglary/Break and enter","B32 Non-aggravated burglary",16228,247.838136101
2021,"March","B Property and deception offences","B40 Theft","B41 Motor vehicle theft",11134,170.041274793
2021,"March","B Property and deception offences","B40 Theft","B42 Steal from a motor vehicle",40014,611.10396709
2021,"March","B Property and deception offences","B40 Theft","B43 Steal from a retail store",160,2.443560622
2021,"March","B Property and deception offences","B40 Theft","B44 Theft of a bicycle",6896,105.317462814
2021,"March","B Property and deception offences","B40 Theft","Other theft offences",20707,316.242561267
2021,"March","B Property and deception offences","B50 Deception","B50 Deception",9658,147.499428054
2021,"March","C Other offences","C Other offences","C Other offences",133,2.031209767
2020,"March","A Crimes against the person","A10 Homicide and related offences","A10 Homicide and related offences",208,3.144346993
2020,"March","A Crimes against the person","A20 Assault and related offences","A21 Serious assault",15302,231.32114274
2020,"March","A Crimes against the person","A20 Assault and related offences","A22 Assault police, emergency services or other authorised officer",2869,43.370824632
2020,"March","A Crimes against the person","A20 Assault and related offences","A23 Common assault",25508,385.605784147
2020,"March","A Crimes against the person","A30 Sexual offences","A31 Rape",3509,53.045738457
2020,"March","A Crimes against the person","A30 Sexual offences","A32 Indecent assault",4168,63.007876287
2020,"March","A Crimes against the person","A30 Sexual offences","A33 Incest",218,3.295517522
2020,"March","A Crimes against the person","A30 Sexual offences","A34 Sexual offences against children",456,6.8933761
2020,"March","A Crimes against the person","A30 Sexual offences","A39 Other sexual offences",509,7.694579902
2020,"March","A Crimes against the person","A40 Abduction and related offences","A40 Abduction and related offences",488,7.377121792
2020,"March","A Crimes against the person","A50 Robbery","A51 Aggravated robbery",3403,51.443330855
2020,"March","A Crimes against the person","A50 Robbery","A52 Non-aggravated robbery",500,7.558526426
2020,"March","A Crimes against the person","A60 Blackmail and extortion","A61 Blackmail",103,1.557056444
2020,"March","A Crimes against the person","A60 Blackmail and extortion","A62 Extortion",52,0.786086748
2020,"March","A Crimes against the person","A70 Stalking, harassment and threatening behaviour","A71 Stalking & A72 Harassment and private nuisance",2035,30.763202554
2020,"March","A Crimes against the person","A70 Stalking, harassment and threatening behaviour","A73 Threatening behaviour",5333,80.619242859
2020,"March","A Crimes against the person","A80 Dangerous and negligent acts endangering people","A80 Dangerous and negligent acts endangering people",3208,48.495505549
2020,"March","B Property and deception offences","B10 Arson","B10 Arson",1334,20.166148504
2020,"March","B Property and deception offences","B20 Property damage","B21 Criminal damage",23669,357.805523953
2020,"March","B Property and deception offences","B20 Property damage","B22 Graffiti",1107,16.734577507
2020,"March","B Property and deception offences","B20 Property damage","B29 Other property damage offences",315,4.761871648
2020,"March","B Property and deception offences","B30 Burglary/Break and enter","B31 Aggravated burglary",4185,63.264866185
2020,"March","B Property and deception offences","B30 Burglary/Break and enter","B32 Non-aggravated burglary",23976,362.446459178
2020,"March","B Property and deception offences","B40 Theft","B41 Motor vehicle theft",15060,227.66281595
2020,"March","B Property and deception offences","B40 Theft","B42 Steal from a motor vehicle",54544,824.544530756
2020,"March","B Property and deception offences","B40 Theft","B43 Steal from a retail store",213,3.219932257
2020,"March","B Property and deception offences","B40 Theft","B44 Theft of a bicycle",8042,121.571339035
2020,"March","B Property and deception offences","B40 Theft","Other theft offences",26902,406.678955823
2020,"March","B Property and deception offences","B50 Deception","B50 Deception",8973,135.64531524
2020,"March","C Other offences","C Other offences","C Other offences",149,2.252440875
2019,"March","A Crimes against the person","A10 Homicide and related offences","A10 Homicide and related offences",183,2.799318679
2019,"March","A Crimes against the person","A20 Assault and related offences","A21 Serious assault",15494,237.00898153
2019,"March","A Crimes against the person","A20 Assault and related offences","A22 Assault police, emergency services or other authorised officer",2958,45.248003573
2019,"March","A Crimes against the person","A20 Assault and related offences","A23 Common assault",24318,371.988151081
2019,"March","A Crimes against the person","A30 Sexual offences","A31 Rape",3458,52.896415266
2019,"March","A Crimes against the person","A30 Sexual offences","A32 Indecent assault",4287,65.577481852
2019,"March","A Crimes against the person","A30 Sexual offences","A33 Incest",249,3.808909023
2019,"March","A Crimes against the person","A30 Sexual offences","A34 Sexual offences against children",464,7.097726051
2019,"March","A Crimes against the person","A30 Sexual offences","A39 Other sexual offences",423,6.470556292
2019,"March","A Crimes against the person","A40 Abduction and related offences","A40 Abduction and related offences",489,7.480146635
2019,"March","A Crimes against the person","A50 Robbery","A51 Aggravated robbery",2637,40.337723267
2019,"March","A Crimes against the person","A50 Robbery","A52 Non-aggravated robbery",423,6.470556292
2019,"March","A Crimes against the person","A60 Blackmail and extortion","A61 Blackmail",119,1.820321983
2019,"March","A Crimes against the person","A60 Blackmail and extortion","A62 Extortion",57,0.871918933
2019,"March","A Crimes against the person","A70 Stalking, harassment and threatening behaviour","A71 Stalking & A72 Harassment and private nuisance",2057,31.465565703
2019,"March","A Crimes against the person","A70 Stalking, harassment and threatening behaviour","A73 Threatening behaviour",5113,78.212657968
2019,"March","A Crimes against the person","A80 Dangerous and negligent acts endangering people","A80 Dangerous and negligent acts endangering people",3257,49.821753766
2019,"March","B Property and deception offences","B10 Arson","B10 Arson",1522,23.281765192
2019,"March","B Property and deception offences","B20 Property damage","B21 Criminal damage",22474,343.780808758
2019,"March","B Property and deception offences","B20 Property damage","B22 Graffiti",775,11.855038124
2019,"March","B Property and deception offences","B20 Property damage","B29 Other property damage offences",349,5.338591361
2019,"March","B Property and deception offences","B30 Burglary/Break and enter","B31 Aggravated burglary",3408,52.131574097
2019,"March","B Property and deception offences","B30 Burglary/Break and enter","B32 Non-aggravated burglary",22521,344.499759457
2019,"March","B Property and deception offences","B40 Theft","B41 Motor vehicle theft",13991,214.017855982
2019,"March","B Property and deception offences","B40 Theft","B42 Steal from a motor vehicle",48437,740.932234308
2019,"March","B Property and deception offences","B40 Theft","B43 Steal from a retail store",212,3.242926558
2019,"March","B Property and deception offences","B40 Theft","B44 Theft of a bicycle",6382,97.624326844
2019,"March","B Property and deception offences","B40 Theft","Other theft offences",23598,360.974438243
2019,"March","B Property and deception offences","B50 Deception","B50 Deception",7920,121.150841211
2019,"March","C Other offences","C Other offences","C Other offences",124,1.8968061
2018,"March","A Crimes against the person","A10 Homicide and related offences","A10 Homicide and related offences",221,3.440739413
2018,"March","A Crimes against the person","A20 Assault and related offences","A21 Serious assault",15622,243.21824034
2018,"March","A Crimes against the person","A20 Assault and related offences","A22 Assault police, emergency services or other authorised officer",2871,44.69847446
2018,"March","A Crimes against the person","A20 Assault and related offences","A23 Common assault",23021,358.412950383
2018,"March","A Crimes against the person","A30 Sexual offences","A31 Rape",3482,54.211106956
2018,"March","A Crimes against the person","A30 Sexual offences","A32 Indecent assault",4464,69.499822358
2018,"March","A Crimes against the person","A30 Sexual offences","A33 Incest",230,3.580860023
2018,"March","A Crimes against the person","A30 Sexual offences","A34 Sexual offences against children",364,5.66710021
2018,"March","A Crimes against the person","A30 Sexual offences","A39 Other sexual offences",355,5.526979601
2018,"March","A Crimes against the person","A40 Abduction and related offences","A40 Abduction and related offences",448,6.974892566
2018,"March","A Crimes against the person","A50 Robbery","A51 Aggravated robbery",2519,39.218201729
2018,"March","A Crimes against the person","A50 Robbery","A52 Non-aggravated robbery",353,5.495841687
2018,"March","A Crimes against the person","A60 Blackmail and extortion","A61 Blackmail",81,1.261085486
2018,"March","A Crimes against the person","A60 Blackmail and extortion","A62 Extortion",44,0.685034091
2018,"March","A Crimes against the person","A70 Stalking, harassment and threatening behaviour","A71 Stalking & A72 Harassment and private nuisance",1999,31.122344286
2018,"March","A Crimes against the person","A70 Stalking, harassment and threatening behaviour","A73 Threatening behaviour",4726,73.578888993
2018,"March","A Crimes against the person","A80 Dangerous and negligent acts endangering people","A80 Dangerous and negligent acts endangering people",3329,51.829056593
2018,"March","B Property and deception offences","B10 Arson","B10 Arson",1666,25.937881731
2018,"March","B Property and deception offences","B20 Property damage","B21 Criminal damage",23213,361.402190054
2018,"March","B Property and deception offences","B20 Property damage","B22 Graffiti",912,14.198888439
2018,"March","B Property and deception offences","B20 Property damage","B29 Other property damage offences",316,4.919790292
2018,"March","B Property and deception offences","B30 Burglary/Break and enter","B31 Aggravated burglary",3424,53.308107472
2018,"March","B Property and deception offences","B30 Burglary/Break and enter","B32 Non-aggravated burglary",26602,414.165384044
2018,"March","B Property and deception offences","B40 Theft","B41 Motor vehicle theft",13666,212.765361189
2018,"March","B Property and deception offences","B40 Theft","B42 Steal from a motor vehicle",48600,756.651291803
2018,"March","B Property and deception offences","B40 Theft","B43 Steal from a retail store",201,3.129360281
2018,"March","B Property and deception offences","B40 Theft","B44 Theft of a bicycle",6073,94.550273562
2018,"March","B Property and deception offences","B40 Theft","Other theft offences",24365,379.337628082
2018,"March","B Property and deception offences","B50 Deception","B50 Deception",6002,93.444877642
2018,"March","C Other offences","C Other offences","C Other offences",62,0.965275311
2017,"March","A Crimes against the person","A10 Homicide and related offences","A10 Homicide and related offences",233,3.696882306
2017,"March","A Crimes against the person","A20 Assault and related offences","A21 Serious assault",16545,262.510376657
2017,"March","A Crimes against the person","A20 Assault and related offences","A22 Assault police, emergency services or other authorised officer",3030,48.075336432
2017,"March","A Crimes against the person","A20 Assault and related offences","A23 Common assault",22489,356.820541592
2017,"March","A Crimes against the person","A30 Sexual offences","A31 Rape",3295,52.279945064
2017,"March","A Crimes against the person","A30 Sexual offences","A32 Indecent assault",4177,66.274151907
2017,"March","A Crimes against the person","A30 Sexual offences","A33 Incest",241,3.823813888
2017,"March","A Crimes against the person","A30 Sexual offences","A34 Sexual offences against children",164,2.602097417
2017,"March","A Crimes against the person","A30 Sexual offences","A39 Other sexual offences",90,1.42798029
2017,"March","A Crimes against the person","A40 Abduction and related offences","A40 Abduction and related offences",550,8.726546217
2017,"March","A Crimes against the person","A50 Robbery","A51 Aggravated robbery",2490,39.507454692
2017,"March","A Crimes against the person","A50 Robbery","A52 Non-aggravated robbery",364,5.775386951
2017,"March","A Crimes against the person","A60 Blackmail and extortion","A61 Blackmail",110,1.745309243
2017,"March","A Crimes against the person","A60 Blackmail and extortion","A62 Extortion",37,0.587058564
2017,"March","A Crimes against the person","A70 Stalking, harassment and threatening behaviour","A71 Stalking & A72 Harassment and private nuisance",2123,33.684468398
2017,"March","A Crimes against the person","A70 Stalking, harassment and threatening behaviour","A73 Threatening behaviour",5061,80.300091645
2017,"March","A Crimes against the person","A80 Dangerous and negligent acts endangering people","A80 Dangerous and negligent acts endangering people",3619,57.420674108
2017,"March","B Property and deception offences","B10 Arson","B10 Arson",1939,30.765042027
2017,"March","B Property and deception offences","B20 Property damage","B21 Criminal damage",24618,390.600208676
2017,"March","B Property and deception offences","B20 Property damage","B22 Graffiti",1009,16.009245696
2017,"March","B Property and deception offences","B20 Property damage","B29 Other property damage offences",348,5.521523788
2017,"March","B Property and deception offences","B30 Burglary/Break and enter","B31 Aggravated burglary",4030,63.9417841
2017,"March","B Property and deception offences","B30 Burglary/Break and enter","B32 Non-aggravated burglary",31116,493.700385618
2017,"March","B Property and deception offences","B40 Theft","B41 Motor vehicle theft",18154,288.039490954
2017,"March","B Property and deception offences","B40 Theft","B42 Steal from a motor vehicle",60145,954.287494954
2017,"March","B Property and deception offences","B40 Theft","B43 Steal from a retail store",230,3.649282963
2017,"March","B Property and deception offences","B40 Theft","B44 Theft of a bicycle",6309,100.101418333
2017,"March","B Property and deception offences","B40 Theft","Other theft offences",27008,428.521018601
2017,"March","B Property and deception offences","B50 Deception","B50 Deception",3906,61.974344589
2017,"March","C Other offences","C Other offences","C Other offences",42,0.666390802
