"Year","Year ending","Offence Division","Offence Subdivision","Offence Group","Indigenous Status","Victim Reports"
2026,"March","A Crimes against the person","A10 Homicide and related offences","A10 Homicide and related offences","Aboriginal and/or Torres Strait Islander",8
2026,"March","A Crimes against the person","A10 Homicide and related offences","A10 Homicide and related offences","Non-Indigenous",179
2026,"March","A Crimes against the person","A10 Homicide and related offences","A10 Homicide and related offences","Total People",228
2026,"March","A Crimes against the person","A20 Assault and related offences","A21 Serious assault","Aboriginal and/or Torres Strait Islander",1157
2026,"March","A Crimes against the person","A20 Assault and related offences","A21 Serious assault","Non-Indigenous",15685
2026,"March","A Crimes against the person","A20 Assault and related offences","A21 Serious assault","Total People",17987
2026,"March","A Crimes against the person","A20 Assault and related offences","A22 Assault police, emergency services or other authorised officer","Aboriginal and/or Torres Strait Islander",21
2026,"March","A Crimes against the person","A20 Assault and related offences","A22 Assault police, emergency services or other authorised officer","Non-Indigenous",2914
2026,"March","A Crimes against the person","A20 Assault and related offences","A22 Assault police, emergency services or other authorised officer","Total People",3201
2026,"March","A Crimes against the person","A20 Assault and related offences","A23 Common assault","Aboriginal and/or Torres Strait Islander",1340
2026,"March","A Crimes against the person","A20 Assault and related offences","A23 Common assault","Non-Indigenous",24945
2026,"March","A Crimes against the person","A20 Assault and related offences","A23 Common assault","Total People",28904
2026,"March","A Crimes against the person","A30 Sexual offences","A31 Rape","Aboriginal and/or Torres Strait Islander",245
2026,"March","A Crimes against the person","A30 Sexual offences","A31 Rape","Non-Indigenous",3691
2026,"March","A Crimes against the person","A30 Sexual offences","A31 Rape","Total People",4369
2026,"March","A Crimes against the person","A30 Sexual offences","A32 Indecent assault","Aboriginal and/or Torres Strait Islander",161
2026,"March","A Crimes against the person","A30 Sexual offences","A32 Indecent assault","Non-Indigenous",3334
2026,"March","A Crimes against the person","A30 Sexual offences","A32 Indecent assault","Total People",4318
2026,"March","A Crimes against the person","A30 Sexual offences","A33 Incest","Aboriginal and/or Torres Strait Islander",7
2026,"March","A Crimes against the person","A30 Sexual offences","A33 Incest","Non-Indigenous",143
2026,"March","A Crimes against the person","A30 Sexual offences","A33 Incest","Total People",164
2026,"March","A Crimes against the person","A30 Sexual offences","A34 Sexual offences against children","Aboriginal and/or Torres Strait Islander",13
2026,"March","A Crimes against the person","A30 Sexual offences","A34 Sexual offences against children","Non-Indigenous",310
2026,"March","A Crimes against the person","A30 Sexual offences","A34 Sexual offences against children","Total People",422
2026,"March","A Crimes against the person","A30 Sexual offences","A39 Other sexual offences","Aboriginal and/or Torres Strait Islander",45
2026,"March","A Crimes against the person","A30 Sexual offences","A39 Other sexual offences","Non-Indigenous",1601
2026,"March","A Crimes against the person","A30 Sexual offences","A39 Other sexual offences","Total People",2455
2026,"March","A Crimes against the person","A40 Abduction and related offences","A40 Abduction and related offences","Aboriginal and/or Torres Strait Islander",26
2026,"March","A Crimes against the person","A40 Abduction and related offences","A40 Abduction and related offences","Non-Indigenous",445
2026,"March","A Crimes against the person","A40 Abduction and related offences","A40 Abduction and related offences","Total People",498
2026,"March","A Crimes against the person","A50 Robbery","A51 Aggravated robbery","Aboriginal and/or Torres Strait Islander",72
2026,"March","A Crimes against the person","A50 Robbery","A51 Aggravated robbery","Non-Indigenous",2181
2026,"March","A Crimes against the person","A50 Robbery","A51 Aggravated robbery","Total People",2595
2026,"March","A Crimes against the person","A50 Robbery","A52 Non-aggravated robbery","Aboriginal and/or Torres Strait Islander",5
2026,"March","A Crimes against the person","A50 Robbery","A52 Non-aggravated robbery","Non-Indigenous",287
2026,"March","A Crimes against the person","A50 Robbery","A52 Non-aggravated robbery","Total People",336
2026,"March","A Crimes against the person","A60 Blackmail and extortion","A60 Blackmail and extortion","Aboriginal and/or Torres Strait Islander",6
2026,"March","A Crimes against the person","A60 Blackmail and extortion","A60 Blackmail and extortion","Non-Indigenous",331
2026,"March","A Crimes against the person","A60 Blackmail and extortion","A60 Blackmail and extortion","Total People",381
2026,"March","A Crimes against the person","A70 Stalking, harassment and threatening behaviour","A71 Stalking & A72 Harassment and private nuisance","Aboriginal and/or Torres Strait Islander",62
2026,"March","A Crimes against the person","A70 Stalking, harassment and threatening behaviour","A71 Stalking & A72 Harassment and private nuisance","Non-Indigenous",2376
2026,"March","A Crimes against the person","A70 Stalking, harassment and threatening behaviour","A71 Stalking & A72 Harassment and private nuisance","Total People",2608
2026,"March","A Crimes against the person","A70 Stalking, harassment and threatening behaviour","A73 Threatening behaviour","Aboriginal and/or Torres Strait Islander",306
2026,"March","A Crimes against the person","A70 Stalking, harassment and threatening behaviour","A73 Threatening behaviour","Non-Indigenous",5106
2026,"March","A Crimes against the person","A70 Stalking, harassment and threatening behaviour","A73 Threatening behaviour","Total People",5720
2026,"March","A Crimes against the person","A80 Dangerous and negligent acts endangering people","A80 Dangerous and negligent acts endangering people","Aboriginal and/or Torres Strait Islander",82
2026,"March","A Crimes against the person","A80 Dangerous and negligent acts endangering people","A80 Dangerous and negligent acts endangering people","Non-Indigenous",2858
2026,"March","A Crimes against the person","A80 Dangerous and negligent acts endangering people","A80 Dangerous and negligent acts endangering people","Total People",3229
2026,"March","B Property and deception offences","B10 Arson","B10 Arson","Aboriginal and/or Torres Strait Islander",33
2026,"March","B Property and deception offences","B10 Arson","B10 Arson","Non-Indigenous",1443
2026,"March","B Property and deception offences","B10 Arson","B10 Arson","Total People",1622
2026,"March","B Property and deception offences","B20 Property damage","B21 Criminal damage","Aboriginal and/or Torres Strait Islander",831
2026,"March","B Property and deception offences","B20 Property damage","B21 Criminal damage","Non-Indigenous",23677
2026,"March","B Property and deception offences","B20 Property damage","B21 Criminal damage","Total People",26477
2026,"March","B Property and deception offences","B20 Property damage","B22 Graffiti & B29 Other property damage offences","Aboriginal and/or Torres Strait Islander",19
2026,"March","B Property and deception offences","B20 Property damage","B22 Graffiti & B29 Other property damage offences","Non-Indigenous",1142
2026,"March","B Property and deception offences","B20 Property damage","B22 Graffiti & B29 Other property damage offences","Total People",1271
2026,"March","B Property and deception offences","B30 Burglary/Break and enter","B31 Aggravated burglary","Aboriginal and/or Torres Strait Islander",120
2026,"March","B Property and deception offences","B30 Burglary/Break and enter","B31 Aggravated burglary","Non-Indigenous",5225
2026,"March","B Property and deception offences","B30 Burglary/Break and enter","B31 Aggravated burglary","Total People",6300
2026,"March","B Property and deception offences","B30 Burglary/Break and enter","B32 Non-aggravated burglary","Aboriginal and/or Torres Strait Islander",288
2026,"March","B Property and deception offences","B30 Burglary/Break and enter","B32 Non-aggravated burglary","Non-Indigenous",17520
2026,"March","B Property and deception offences","B30 Burglary/Break and enter","B32 Non-aggravated burglary","Total People",19184
2026,"March","B Property and deception offences","B40 Theft","B41 Motor vehicle theft","Aboriginal and/or Torres Strait Islander",297
2026,"March","B Property and deception offences","B40 Theft","B41 Motor vehicle theft","Non-Indigenous",21223
2026,"March","B Property and deception offences","B40 Theft","B41 Motor vehicle theft","Total People",23167
2026,"March","B Property and deception offences","B40 Theft","B42 Steal from a motor vehicle","Aboriginal and/or Torres Strait Islander",596
2026,"March","B Property and deception offences","B40 Theft","B42 Steal from a motor vehicle","Non-Indigenous",59774
2026,"March","B Property and deception offences","B40 Theft","B42 Steal from a motor vehicle","Total People",64822
2026,"March","B Property and deception offences","B40 Theft","B44 Theft of a bicycle","Aboriginal and/or Torres Strait Islander",89
2026,"March","B Property and deception offences","B40 Theft","B44 Theft of a bicycle","Non-Indigenous",6325
2026,"March","B Property and deception offences","B40 Theft","B44 Theft of a bicycle","Total People",6930
2026,"March","B Property and deception offences","B40 Theft","Other theft offences","Aboriginal and/or Torres Strait Islander",488
2026,"March","B Property and deception offences","B40 Theft","Other theft offences","Non-Indigenous",27085
2026,"March","B Property and deception offences","B40 Theft","Other theft offences","Total People",29496
2026,"March","B Property and deception offences","B50 Deception","B50 Deception","Aboriginal and/or Torres Strait Islander",119
2026,"March","B Property and deception offences","B50 Deception","B50 Deception","Non-Indigenous",9869
2026,"March","B Property and deception offences","B50 Deception","B50 Deception","Total People",11321
2026,"March","C Other offences","C Other offences","C Other offences","Aboriginal and/or Torres Strait Islander",2
2026,"March","C Other offences","C Other offences","C Other offences","Non-Indigenous",121
2026,"March","C Other offences","C Other offences","C Other offences","Total People",138
2025,"March","A Crimes against the person","A10 Homicide and related offences","A10 Homicide and related offences","Aboriginal and/or Torres Strait Islander",8
2025,"March","A Crimes against the person","A10 Homicide and related offences","A10 Homicide and related offences","Non-Indigenous",180
2025,"March","A Crimes against the person","A10 Homicide and related offences","A10 Homicide and related offences","Total People",221
2025,"March","A Crimes against the person","A20 Assault and related offences","A21 Serious assault","Aboriginal and/or Torres Strait Islander",1096
2025,"March","A Crimes against the person","A20 Assault and related offences","A21 Serious assault","Non-Indigenous",15099
2025,"March","A Crimes against the person","A20 Assault and related offences","A21 Serious assault","Total People",17183
2025,"March","A Crimes against the person","A20 Assault and related offences","A22 Assault police, emergency services or other authorised officer","Aboriginal and/or Torres Strait Islander",29
2025,"March","A Crimes against the person","A20 Assault and related offences","A22 Assault police, emergency services or other authorised officer","Non-Indigenous",3008
2025,"March","A Crimes against the person","A20 Assault and related offences","A22 Assault police, emergency services or other authorised officer","Total People",3317
2025,"March","A Crimes against the person","A20 Assault and related offences","A23 Common assault","Aboriginal and/or Torres Strait Islander",1421
2025,"March","A Crimes against the person","A20 Assault and related offences","A23 Common assault","Non-Indigenous",25975
2025,"March","A Crimes against the person","A20 Assault and related offences","A23 Common assault","Total People",29967
2025,"March","A Crimes against the person","A30 Sexual offences","A31 Rape","Aboriginal and/or Torres Strait Islander",234
2025,"March","A Crimes against the person","A30 Sexual offences","A31 Rape","Non-Indigenous",3697
2025,"March","A Crimes against the person","A30 Sexual offences","A31 Rape","Total People",4352
2025,"March","A Crimes against the person","A30 Sexual offences","A32 Indecent assault","Aboriginal and/or Torres Strait Islander",191
2025,"March","A Crimes against the person","A30 Sexual offences","A32 Indecent assault","Non-Indigenous",3648
2025,"March","A Crimes against the person","A30 Sexual offences","A32 Indecent assault","Total People",4698
2025,"March","A Crimes against the person","A30 Sexual offences","A33 Incest","Aboriginal and/or Torres Strait Islander",15
2025,"March","A Crimes against the person","A30 Sexual offences","A33 Incest","Non-Indigenous",168
2025,"March","A Crimes against the person","A30 Sexual offences","A33 Incest","Total People",203
2025,"March","A Crimes against the person","A30 Sexual offences","A34 Sexual offences against children","Aboriginal and/or Torres Strait Islander",35
2025,"March","A Crimes against the person","A30 Sexual offences","A34 Sexual offences against children","Non-Indigenous",387
2025,"March","A Crimes against the person","A30 Sexual offences","A34 Sexual offences against children","Total People",528
2025,"March","A Crimes against the person","A30 Sexual offences","A39 Other sexual offences","Aboriginal and/or Torres Strait Islander",33
2025,"March","A Crimes against the person","A30 Sexual offences","A39 Other sexual offences","Non-Indigenous",916
2025,"March","A Crimes against the person","A30 Sexual offences","A39 Other sexual offences","Total People",1087
2025,"March","A Crimes against the person","A40 Abduction and related offences","A40 Abduction and related offences","Aboriginal and/or Torres Strait Islander",26
2025,"March","A Crimes against the person","A40 Abduction and related offences","A40 Abduction and related offences","Non-Indigenous",501
2025,"March","A Crimes against the person","A40 Abduction and related offences","A40 Abduction and related offences","Total People",570
2025,"March","A Crimes against the person","A50 Robbery","A51 Aggravated robbery","Aboriginal and/or Torres Strait Islander",79
2025,"March","A Crimes against the person","A50 Robbery","A51 Aggravated robbery","Non-Indigenous",2535
2025,"March","A Crimes against the person","A50 Robbery","A51 Aggravated robbery","Total People",2950
2025,"March","A Crimes against the person","A50 Robbery","A52 Non-aggravated robbery","Aboriginal and/or Torres Strait Islander",6
2025,"March","A Crimes against the person","A50 Robbery","A52 Non-aggravated robbery","Non-Indigenous",306
2025,"March","A Crimes against the person","A50 Robbery","A52 Non-aggravated robbery","Total People",378
2025,"March","A Crimes against the person","A60 Blackmail and extortion","A60 Blackmail and extortion","Aboriginal and/or Torres Strait Islander",5
2025,"March","A Crimes against the person","A60 Blackmail and extortion","A60 Blackmail and extortion","Non-Indigenous",294
2025,"March","A Crimes against the person","A60 Blackmail and extortion","A60 Blackmail and extortion","Total People",343
2025,"March","A Crimes against the person","A70 Stalking, harassment and threatening behaviour","A71 Stalking & A72 Harassment and private nuisance","Aboriginal and/or Torres Strait Islander",77
2025,"March","A Crimes against the person","A70 Stalking, harassment and threatening behaviour","A71 Stalking & A72 Harassment and private nuisance","Non-Indigenous",2274
2025,"March","A Crimes against the person","A70 Stalking, harassment and threatening behaviour","A71 Stalking & A72 Harassment and private nuisance","Total People",2533
2025,"March","A Crimes against the person","A70 Stalking, harassment and threatening behaviour","A73 Threatening behaviour","Aboriginal and/or Torres Strait Islander",286
2025,"March","A Crimes against the person","A70 Stalking, harassment and threatening behaviour","A73 Threatening behaviour","Non-Indigenous",5216
2025,"March","A Crimes against the person","A70 Stalking, harassment and threatening behaviour","A73 Threatening behaviour","Total People",5809
2025,"March","A Crimes against the person","A80 Dangerous and negligent acts endangering people","A80 Dangerous and negligent acts endangering people","Aboriginal and/or Torres Strait Islander",111
2025,"March","A Crimes against the person","A80 Dangerous and negligent acts endangering people","A80 Dangerous and negligent acts endangering people","Non-Indigenous",3085
2025,"March","A Crimes against the person","A80 Dangerous and negligent acts endangering people","A80 Dangerous and negligent acts endangering people","Total People",3428
2025,"March","B Property and deception offences","B10 Arson","B10 Arson","Aboriginal and/or Torres Strait Islander",36
2025,"March","B Property and deception offences","B10 Arson","B10 Arson","Non-Indigenous",1430
2025,"March","B Property and deception offences","B10 Arson","B10 Arson","Total People",1613
2025,"March","B Property and deception offences","B20 Property damage","B21 Criminal damage","Aboriginal and/or Torres Strait Islander",873
2025,"March","B Property and deception offences","B20 Property damage","B21 Criminal damage","Non-Indigenous",23942
2025,"March","B Property and deception offences","B20 Property damage","B21 Criminal damage","Total People",26914
2025,"March","B Property and deception offences","B20 Property damage","B22 Graffiti & B29 Other property damage offences","Aboriginal and/or Torres Strait Islander",12
2025,"March","B Property and deception offences","B20 Property damage","B22 Graffiti & B29 Other property damage offences","Non-Indigenous",1255
2025,"March","B Property and deception offences","B20 Property damage","B22 Graffiti & B29 Other property damage offences","Total People",1367
2025,"March","B Property and deception offences","B30 Burglary/Break and enter","B31 Aggravated burglary","Aboriginal and/or Torres Strait Islander",106
2025,"March","B Property and deception offences","B30 Burglary/Break and enter","B31 Aggravated burglary","Non-Indigenous",6637
2025,"March","B Property and deception offences","B30 Burglary/Break and enter","B31 Aggravated burglary","Total People",7882
2025,"March","B Property and deception offences","B30 Burglary/Break and enter","B32 Non-aggravated burglary","Aboriginal and/or Torres Strait Islander",294
2025,"March","B Property and deception offences","B30 Burglary/Break and enter","B32 Non-aggravated burglary","Non-Indigenous",20036
2025,"March","B Property and deception offences","B30 Burglary/Break and enter","B32 Non-aggravated burglary","Total People",22132
2025,"March","B Property and deception offences","B40 Theft","B41 Motor vehicle theft","Aboriginal and/or Torres Strait Islander",310
2025,"March","B Property and deception offences","B40 Theft","B41 Motor vehicle theft","Non-Indigenous",20109
2025,"March","B Property and deception offences","B40 Theft","B41 Motor vehicle theft","Total People",22021
2025,"March","B Property and deception offences","B40 Theft","B42 Steal from a motor vehicle","Aboriginal and/or Torres Strait Islander",630
2025,"March","B Property and deception offences","B40 Theft","B42 Steal from a motor vehicle","Non-Indigenous",60380
2025,"March","B Property and deception offences","B40 Theft","B42 Steal from a motor vehicle","Total People",65744
2025,"March","B Property and deception offences","B40 Theft","B44 Theft of a bicycle","Aboriginal and/or Torres Strait Islander",95
2025,"March","B Property and deception offences","B40 Theft","B44 Theft of a bicycle","Non-Indigenous",7379
2025,"March","B Property and deception offences","B40 Theft","B44 Theft of a bicycle","Total People",8191
2025,"March","B Property and deception offences","B40 Theft","Other theft offences","Aboriginal and/or Torres Strait Islander",519
2025,"March","B Property and deception offences","B40 Theft","Other theft offences","Non-Indigenous",28863
2025,"March","B Property and deception offences","B40 Theft","Other theft offences","Total People",31647
2025,"March","B Property and deception offences","B50 Deception","B50 Deception","Aboriginal and/or Torres Strait Islander",89
2025,"March","B Property and deception offences","B50 Deception","B50 Deception","Non-Indigenous",8629
2025,"March","B Property and deception offences","B50 Deception","B50 Deception","Total People",10448
2025,"March","C Other offences","C Other offences","C Other offences","Aboriginal and/or Torres Strait Islander",5
2025,"March","C Other offences","C Other offences","C Other offences","Non-Indigenous",133
2025,"March","C Other offences","C Other offences","C Other offences","Total People",144
2024,"March","A Crimes against the person","A10 Homicide and related offences","A10 Homicide and related offences","Aboriginal and/or Torres Strait Islander",8
2024,"March","A Crimes against the person","A10 Homicide and related offences","A10 Homicide and related offences","Non-Indigenous",159
2024,"March","A Crimes against the person","A10 Homicide and related offences","A10 Homicide and related offences","Total People",210
2024,"March","A Crimes against the person","A20 Assault and related offences","A21 Serious assault","Aboriginal and/or Torres Strait Islander",911
2024,"March","A Crimes against the person","A20 Assault and related offences","A21 Serious assault","Non-Indigenous",13257
2024,"March","A Crimes against the person","A20 Assault and related offences","A21 Serious assault","Total People",15000
2024,"March","A Crimes against the person","A20 Assault and related offences","A22 Assault police, emergency services or other authorised officer","Aboriginal and/or Torres Strait Islander",14
2024,"March","A Crimes against the person","A20 Assault and related offences","A22 Assault police, emergency services or other authorised officer","Non-Indigenous",2623
2024,"March","A Crimes against the person","A20 Assault and related offences","A22 Assault police, emergency services or other authorised officer","Total People",2847
2024,"March","A Crimes against the person","A20 Assault and related offences","A23 Common assault","Aboriginal and/or Torres Strait Islander",1214
2024,"March","A Crimes against the person","A20 Assault and related offences","A23 Common assault","Non-Indigenous",24112
2024,"March","A Crimes against the person","A20 Assault and related offences","A23 Common assault","Total People",27476
2024,"March","A Crimes against the person","A30 Sexual offences","A31 Rape","Aboriginal and/or Torres Strait Islander",267
2024,"March","A Crimes against the person","A30 Sexual offences","A31 Rape","Non-Indigenous",3392
2024,"March","A Crimes against the person","A30 Sexual offences","A31 Rape","Total People",4024
2024,"March","A Crimes against the person","A30 Sexual offences","A32 Indecent assault","Aboriginal and/or Torres Strait Islander",189
2024,"March","A Crimes against the person","A30 Sexual offences","A32 Indecent assault","Non-Indigenous",3646
2024,"March","A Crimes against the person","A30 Sexual offences","A32 Indecent assault","Total People",4706
2024,"March","A Crimes against the person","A30 Sexual offences","A33 Incest","Aboriginal and/or Torres Strait Islander",10
2024,"March","A Crimes against the person","A30 Sexual offences","A33 Incest","Non-Indigenous",184
2024,"March","A Crimes against the person","A30 Sexual offences","A33 Incest","Total People",212
2024,"March","A Crimes against the person","A30 Sexual offences","A34 Sexual offences against children","Aboriginal and/or Torres Strait Islander",28
2024,"March","A Crimes against the person","A30 Sexual offences","A34 Sexual offences against children","Non-Indigenous",379
2024,"March","A Crimes against the person","A30 Sexual offences","A34 Sexual offences against children","Total People",482
2024,"March","A Crimes against the person","A30 Sexual offences","A39 Other sexual offences","Aboriginal and/or Torres Strait Islander",35
2024,"March","A Crimes against the person","A30 Sexual offences","A39 Other sexual offences","Non-Indigenous",802
2024,"March","A Crimes against the person","A30 Sexual offences","A39 Other sexual offences","Total People",941
2024,"March","A Crimes against the person","A40 Abduction and related offences","A40 Abduction and related offences","Aboriginal and/or Torres Strait Islander",28
2024,"March","A Crimes against the person","A40 Abduction and related offences","A40 Abduction and related offences","Non-Indigenous",416
2024,"March","A Crimes against the person","A40 Abduction and related offences","A40 Abduction and related offences","Total People",465
2024,"March","A Crimes against the person","A50 Robbery","A51 Aggravated robbery","Aboriginal and/or Torres Strait Islander",73
2024,"March","A Crimes against the person","A50 Robbery","A51 Aggravated robbery","Non-Indigenous",2140
2024,"March","A Crimes against the person","A50 Robbery","A51 Aggravated robbery","Total People",2548
2024,"March","A Crimes against the person","A50 Robbery","A52 Non-aggravated robbery","Aboriginal and/or Torres Strait Islander",7
2024,"March","A Crimes against the person","A50 Robbery","A52 Non-aggravated robbery","Non-Indigenous",311
2024,"March","A Crimes against the person","A50 Robbery","A52 Non-aggravated robbery","Total People",384
2024,"March","A Crimes against the person","A60 Blackmail and extortion","A60 Blackmail and extortion","Aboriginal and/or Torres Strait Islander",7
2024,"March","A Crimes against the person","A60 Blackmail and extortion","A60 Blackmail and extortion","Non-Indigenous",366
2024,"March","A Crimes against the person","A60 Blackmail and extortion","A60 Blackmail and extortion","Total People",440
2024,"March","A Crimes against the person","A70 Stalking, harassment and threatening behaviour","A71 Stalking & A72 Harassment and private nuisance","Aboriginal and/or Torres Strait Islander",63
2024,"March","A Crimes against the person","A70 Stalking, harassment and threatening behaviour","A71 Stalking & A72 Harassment and private nuisance","Non-Indigenous",2097
2024,"March","A Crimes against the person","A70 Stalking, harassment and threatening behaviour","A71 Stalking & A72 Harassment and private nuisance","Total People",2298
2024,"March","A Crimes against the person","A70 Stalking, harassment and threatening behaviour","A73 Threatening behaviour","Aboriginal and/or Torres Strait Islander",248
2024,"March","A Crimes against the person","A70 Stalking, harassment and threatening behaviour","A73 Threatening behaviour","Non-Indigenous",4671
2024,"March","A Crimes against the person","A70 Stalking, harassment and threatening behaviour","A73 Threatening behaviour","Total People",5163
2024,"March","A Crimes against the person","A80 Dangerous and negligent acts endangering people","A80 Dangerous and negligent acts endangering people","Aboriginal and/or Torres Strait Islander",92
2024,"March","A Crimes against the person","A80 Dangerous and negligent acts endangering people","A80 Dangerous and negligent acts endangering people","Non-Indigenous",2991
2024,"March","A Crimes against the person","A80 Dangerous and negligent acts endangering people","A80 Dangerous and negligent acts endangering people","Total People",3340
2024,"March","B Property and deception offences","B10 Arson","B10 Arson","Aboriginal and/or Torres Strait Islander",29
2024,"March","B Property and deception offences","B10 Arson","B10 Arson","Non-Indigenous",1098
2024,"March","B Property and deception offences","B10 Arson","B10 Arson","Total People",1223
2024,"March","B Property and deception offences","B20 Property damage","B21 Criminal damage","Aboriginal and/or Torres Strait Islander",767
2024,"March","B Property and deception offences","B20 Property damage","B21 Criminal damage","Non-Indigenous",21364
2024,"March","B Property and deception offences","B20 Property damage","B21 Criminal damage","Total People",23784
2024,"March","B Property and deception offences","B20 Property damage","B22 Graffiti & B29 Other property damage offences","Aboriginal and/or Torres Strait Islander",13
2024,"March","B Property and deception offences","B20 Property damage","B22 Graffiti & B29 Other property damage offences","Non-Indigenous",1258
2024,"March","B Property and deception offences","B20 Property damage","B22 Graffiti & B29 Other property damage offences","Total People",1382
2024,"March","B Property and deception offences","B30 Burglary/Break and enter","B31 Aggravated burglary","Aboriginal and/or Torres Strait Islander",107
2024,"March","B Property and deception offences","B30 Burglary/Break and enter","B31 Aggravated burglary","Non-Indigenous",4997
2024,"March","B Property and deception offences","B30 Burglary/Break and enter","B31 Aggravated burglary","Total People",5998
2024,"March","B Property and deception offences","B30 Burglary/Break and enter","B32 Non-aggravated burglary","Aboriginal and/or Torres Strait Islander",291
2024,"March","B Property and deception offences","B30 Burglary/Break and enter","B32 Non-aggravated burglary","Non-Indigenous",17251
2024,"March","B Property and deception offences","B30 Burglary/Break and enter","B32 Non-aggravated burglary","Total People",18971
2024,"March","B Property and deception offences","B40 Theft","B41 Motor vehicle theft","Aboriginal and/or Torres Strait Islander",223
2024,"March","B Property and deception offences","B40 Theft","B41 Motor vehicle theft","Non-Indigenous",13367
2024,"March","B Property and deception offences","B40 Theft","B41 Motor vehicle theft","Total People",14603
2024,"March","B Property and deception offences","B40 Theft","B42 Steal from a motor vehicle","Aboriginal and/or Torres Strait Islander",485
2024,"March","B Property and deception offences","B40 Theft","B42 Steal from a motor vehicle","Non-Indigenous",44016
2024,"March","B Property and deception offences","B40 Theft","B42 Steal from a motor vehicle","Total People",47847
2024,"March","B Property and deception offences","B40 Theft","B44 Theft of a bicycle","Aboriginal and/or Torres Strait Islander",92
2024,"March","B Property and deception offences","B40 Theft","B44 Theft of a bicycle","Non-Indigenous",6877
2024,"March","B Property and deception offences","B40 Theft","B44 Theft of a bicycle","Total People",7552
2024,"March","B Property and deception offences","B40 Theft","Other theft offences","Aboriginal and/or Torres Strait Islander",447
2024,"March","B Property and deception offences","B40 Theft","Other theft offences","Non-Indigenous",24926
2024,"March","B Property and deception offences","B40 Theft","Other theft offences","Total People",27356
2024,"March","B Property and deception offences","B50 Deception","B50 Deception","Aboriginal and/or Torres Strait Islander",101
2024,"March","B Property and deception offences","B50 Deception","B50 Deception","Non-Indigenous",8148
2024,"March","B Property and deception offences","B50 Deception","B50 Deception","Total People",10376
2024,"March","C Other offences","C Other offences","C Other offences","Aboriginal and/or Torres Strait Islander",2
2024,"March","C Other offences","C Other offences","C Other offences","Non-Indigenous",100
2024,"March","C Other offences","C Other offences","C Other offences","Total People",106
2023,"March","A Crimes against the person","A10 Homicide and related offences","A10 Homicide and related offences","Aboriginal and/or Torres Strait Islander",5
2023,"March","A Crimes against the person","A10 Homicide and related offences","A10 Homicide and related offences","Non-Indigenous",163
2023,"March","A Crimes against the person","A10 Homicide and related offences","A10 Homicide and related offences","Total People",197
2023,"March","A Crimes against the person","A20 Assault and related offences","A21 Serious assault","Aboriginal and/or Torres Strait Islander",832
2023,"March","A Crimes against the person","A20 Assault and related offences","A21 Serious assault","Non-Indigenous",12586
2023,"March","A Crimes against the person","A20 Assault and related offences","A21 Serious assault","Total People",14274
2023,"March","A Crimes against the person","A20 Assault and related offences","A22 Assault police, emergency services or other authorised officer","Aboriginal and/or Torres Strait Islander",12
2023,"March","A Crimes against the person","A20 Assault and related offences","A22 Assault police, emergency services or other authorised officer","Non-Indigenous",2668
2023,"March","A Crimes against the person","A20 Assault and related offences","A22 Assault police, emergency services or other authorised officer","Total People",2905
2023,"March","A Crimes against the person","A20 Assault and related offences","A23 Common assault","Aboriginal and/or Torres Strait Islander",1212
2023,"March","A Crimes against the person","A20 Assault and related offences","A23 Common assault","Non-Indigenous",24774
2023,"March","A Crimes against the person","A20 Assault and related offences","A23 Common assault","Total People",28048
2023,"March","A Crimes against the person","A30 Sexual offences","A31 Rape","Aboriginal and/or Torres Strait Islander",186
2023,"March","A Crimes against the person","A30 Sexual offences","A31 Rape","Non-Indigenous",3041
2023,"March","A Crimes against the person","A30 Sexual offences","A31 Rape","Total People",3593
2023,"March","A Crimes against the person","A30 Sexual offences","A32 Indecent assault","Aboriginal and/or Torres Strait Islander",169
2023,"March","A Crimes against the person","A30 Sexual offences","A32 Indecent assault","Non-Indigenous",3401
2023,"March","A Crimes against the person","A30 Sexual offences","A32 Indecent assault","Total People",4307
2023,"March","A Crimes against the person","A30 Sexual offences","A33 Incest","Aboriginal and/or Torres Strait Islander",7
2023,"March","A Crimes against the person","A30 Sexual offences","A33 Incest","Non-Indigenous",173
2023,"March","A Crimes against the person","A30 Sexual offences","A33 Incest","Total People",211
2023,"March","A Crimes against the person","A30 Sexual offences","A34 Sexual offences against children","Aboriginal and/or Torres Strait Islander",25
2023,"March","A Crimes against the person","A30 Sexual offences","A34 Sexual offences against children","Non-Indigenous",322
2023,"March","A Crimes against the person","A30 Sexual offences","A34 Sexual offences against children","Total People",429
2023,"March","A Crimes against the person","A30 Sexual offences","A39 Other sexual offences","Aboriginal and/or Torres Strait Islander",25
2023,"March","A Crimes against the person","A30 Sexual offences","A39 Other sexual offences","Non-Indigenous",709
2023,"March","A Crimes against the person","A30 Sexual offences","A39 Other sexual offences","Total People",837
2023,"March","A Crimes against the person","A40 Abduction and related offences","A40 Abduction and related offences","Aboriginal and/or Torres Strait Islander",23
2023,"March","A Crimes against the person","A40 Abduction and related offences","A40 Abduction and related offences","Non-Indigenous",442
2023,"March","A Crimes against the person","A40 Abduction and related offences","A40 Abduction and related offences","Total People",481
2023,"March","A Crimes against the person","A50 Robbery","A51 Aggravated robbery","Aboriginal and/or Torres Strait Islander",55
2023,"March","A Crimes against the person","A50 Robbery","A51 Aggravated robbery","Non-Indigenous",1846
2023,"March","A Crimes against the person","A50 Robbery","A51 Aggravated robbery","Total People",2127
2023,"March","A Crimes against the person","A50 Robbery","A52 Non-aggravated robbery","Aboriginal and/or Torres Strait Islander",7
2023,"March","A Crimes against the person","A50 Robbery","A52 Non-aggravated robbery","Non-Indigenous",257
2023,"March","A Crimes against the person","A50 Robbery","A52 Non-aggravated robbery","Total People",307
2023,"March","A Crimes against the person","A60 Blackmail and extortion","A60 Blackmail and extortion","Aboriginal and/or Torres Strait Islander",6
2023,"March","A Crimes against the person","A60 Blackmail and extortion","A60 Blackmail and extortion","Non-Indigenous",432
2023,"March","A Crimes against the person","A60 Blackmail and extortion","A60 Blackmail and extortion","Total People",543
2023,"March","A Crimes against the person","A70 Stalking, harassment and threatening behaviour","A71 Stalking & A72 Harassment and private nuisance","Aboriginal and/or Torres Strait Islander",50
2023,"March","A Crimes against the person","A70 Stalking, harassment and threatening behaviour","A71 Stalking & A72 Harassment and private nuisance","Non-Indigenous",2069
2023,"March","A Crimes against the person","A70 Stalking, harassment and threatening behaviour","A71 Stalking & A72 Harassment and private nuisance","Total People",2248
2023,"March","A Crimes against the person","A70 Stalking, harassment and threatening behaviour","A73 Threatening behaviour","Aboriginal and/or Torres Strait Islander",239
2023,"March","A Crimes against the person","A70 Stalking, harassment and threatening behaviour","A73 Threatening behaviour","Non-Indigenous",4764
2023,"March","A Crimes against the person","A70 Stalking, harassment and threatening behaviour","A73 Threatening behaviour","Total People",5237
2023,"March","A Crimes against the person","A80 Dangerous and negligent acts endangering people","A80 Dangerous and negligent acts endangering people","Aboriginal and/or Torres Strait Islander",85
2023,"March","A Crimes against the person","A80 Dangerous and negligent acts endangering people","A80 Dangerous and negligent acts endangering people","Non-Indigenous",3130
2023,"March","A Crimes against the person","A80 Dangerous and negligent acts endangering people","A80 Dangerous and negligent acts endangering people","Total People",3421
2023,"March","B Property and deception offences","B10 Arson","B10 Arson","Aboriginal and/or Torres Strait Islander",31
2023,"March","B Property and deception offences","B10 Arson","B10 Arson","Non-Indigenous",905
2023,"March","B Property and deception offences","B10 Arson","B10 Arson","Total People",1022
2023,"March","B Property and deception offences","B20 Property damage","B21 Criminal damage","Aboriginal and/or Torres Strait Islander",639
2023,"March","B Property and deception offences","B20 Property damage","B21 Criminal damage","Non-Indigenous",19441
2023,"March","B Property and deception offences","B20 Property damage","B21 Criminal damage","Total People",21613
2023,"March","B Property and deception offences","B20 Property damage","B22 Graffiti & B29 Other property damage offences","Aboriginal and/or Torres Strait Islander",13
2023,"March","B Property and deception offences","B20 Property damage","B22 Graffiti & B29 Other property damage offences","Non-Indigenous",1207
2023,"March","B Property and deception offences","B20 Property damage","B22 Graffiti & B29 Other property damage offences","Total People",1317
2023,"March","B Property and deception offences","B30 Burglary/Break and enter","B31 Aggravated burglary","Aboriginal and/or Torres Strait Islander",104
2023,"March","B Property and deception offences","B30 Burglary/Break and enter","B31 Aggravated burglary","Non-Indigenous",4248
2023,"March","B Property and deception offences","B30 Burglary/Break and enter","B31 Aggravated burglary","Total People",5039
2023,"March","B Property and deception offences","B30 Burglary/Break and enter","B32 Non-aggravated burglary","Aboriginal and/or Torres Strait Islander",272
2023,"March","B Property and deception offences","B30 Burglary/Break and enter","B32 Non-aggravated burglary","Non-Indigenous",15806
2023,"March","B Property and deception offences","B30 Burglary/Break and enter","B32 Non-aggravated burglary","Total People",17543
2023,"March","B Property and deception offences","B40 Theft","B41 Motor vehicle theft","Aboriginal and/or Torres Strait Islander",220
2023,"March","B Property and deception offences","B40 Theft","B41 Motor vehicle theft","Non-Indigenous",11073
2023,"March","B Property and deception offences","B40 Theft","B41 Motor vehicle theft","Total People",12151
2023,"March","B Property and deception offences","B40 Theft","B42 Steal from a motor vehicle","Aboriginal and/or Torres Strait Islander",453
2023,"March","B Property and deception offences","B40 Theft","B42 Steal from a motor vehicle","Non-Indigenous",36755
2023,"March","B Property and deception offences","B40 Theft","B42 Steal from a motor vehicle","Total People",40448
2023,"March","B Property and deception offences","B40 Theft","B44 Theft of a bicycle","Aboriginal and/or Torres Strait Islander",75
2023,"March","B Property and deception offences","B40 Theft","B44 Theft of a bicycle","Non-Indigenous",5987
2023,"March","B Property and deception offences","B40 Theft","B44 Theft of a bicycle","Total People",6550
2023,"March","B Property and deception offences","B40 Theft","Other theft offences","Aboriginal and/or Torres Strait Islander",372
2023,"March","B Property and deception offences","B40 Theft","Other theft offences","Non-Indigenous",21858
2023,"March","B Property and deception offences","B40 Theft","Other theft offences","Total People",24018
2023,"March","B Property and deception offences","B50 Deception","B50 Deception","Aboriginal and/or Torres Strait Islander",82
2023,"March","B Property and deception offences","B50 Deception","B50 Deception","Non-Indigenous",8023
2023,"March","B Property and deception offences","B50 Deception","B50 Deception","Total People",9888
2023,"March","C Other offences","C Other offences","C Other offences","Aboriginal and/or Torres Strait Islander",2
2023,"March","C Other offences","C Other offences","C Other offences","Non-Indigenous",86
2023,"March","C Other offences","C Other offences","C Other offences","Total People",95
2022,"March","A Crimes against the person","A10 Homicide and related offences","A10 Homicide and related offences","Aboriginal and/or Torres Strait Islander",5
2022,"March","A Crimes against the person","A10 Homicide and related offences","A10 Homicide and related offences","Non-Indigenous",140
2022,"March","A Crimes against the person","A10 Homicide and related offences","A10 Homicide and related offences","Total People",177
2022,"March","A Crimes against the person","A20 Assault and related offences","A21 Serious assault","Aboriginal and/or Torres Strait Islander",812
2022,"March","A Crimes against the person","A20 Assault and related offences","A21 Serious assault","Non-Indigenous",12513
2022,"March","A Crimes against the person","A20 Assault and related offences","A21 Serious assault","Total People",14116
2022,"March","A Crimes against the person","A20 Assault and related offences","A22 Assault police, emergency services or other authorised officer","Aboriginal and/or Torres Strait Islander",19
2022,"March","A Crimes against the person","A20 Assault and related offences","A22 Assault police, emergency services or other authorised officer","Non-Indigenous",2755
2022,"March","A Crimes against the person","A20 Assault and related offences","A22 Assault police, emergency services or other authorised officer","Total People",3008
2022,"March","A Crimes against the person","A20 Assault and related offences","A23 Common assault","Aboriginal and/or Torres Strait Islander",1113
2022,"March","A Crimes against the person","A20 Assault and related offences","A23 Common assault","Non-Indigenous",22896
2022,"March","A Crimes against the person","A20 Assault and related offences","A23 Common assault","Total People",25839
2022,"March","A Crimes against the person","A30 Sexual offences","A31 Rape","Aboriginal and/or Torres Strait Islander",170
2022,"March","A Crimes against the person","A30 Sexual offences","A31 Rape","Non-Indigenous",3100
2022,"March","A Crimes against the person","A30 Sexual offences","A31 Rape","Total People",3640
2022,"March","A Crimes against the person","A30 Sexual offences","A32 Indecent assault","Aboriginal and/or Torres Strait Islander",178
2022,"March","A Crimes against the person","A30 Sexual offences","A32 Indecent assault","Non-Indigenous",3320
2022,"March","A Crimes against the person","A30 Sexual offences","A32 Indecent assault","Total People",4265
2022,"March","A Crimes against the person","A30 Sexual offences","A33 Incest","Aboriginal and/or Torres Strait Islander",19
2022,"March","A Crimes against the person","A30 Sexual offences","A33 Incest","Non-Indigenous",174
2022,"March","A Crimes against the person","A30 Sexual offences","A33 Incest","Total People",218
2022,"March","A Crimes against the person","A30 Sexual offences","A34 Sexual offences against children","Aboriginal and/or Torres Strait Islander",35
2022,"March","A Crimes against the person","A30 Sexual offences","A34 Sexual offences against children","Non-Indigenous",333
2022,"March","A Crimes against the person","A30 Sexual offences","A34 Sexual offences against children","Total People",445
2022,"March","A Crimes against the person","A30 Sexual offences","A39 Other sexual offences","Aboriginal and/or Torres Strait Islander",10
2022,"March","A Crimes against the person","A30 Sexual offences","A39 Other sexual offences","Non-Indigenous",585
2022,"March","A Crimes against the person","A30 Sexual offences","A39 Other sexual offences","Total People",656
2022,"March","A Crimes against the person","A40 Abduction and related offences","A40 Abduction and related offences","Aboriginal and/or Torres Strait Islander",21
2022,"March","A Crimes against the person","A40 Abduction and related offences","A40 Abduction and related offences","Non-Indigenous",448
2022,"March","A Crimes against the person","A40 Abduction and related offences","A40 Abduction and related offences","Total People",500
2022,"March","A Crimes against the person","A50 Robbery","A51 Aggravated robbery","Aboriginal and/or Torres Strait Islander",50
2022,"March","A Crimes against the person","A50 Robbery","A51 Aggravated robbery","Non-Indigenous",1694
2022,"March","A Crimes against the person","A50 Robbery","A51 Aggravated robbery","Total People",1956
2022,"March","A Crimes against the person","A50 Robbery","A52 Non-aggravated robbery","Aboriginal and/or Torres Strait Islander",2
2022,"March","A Crimes against the person","A50 Robbery","A52 Non-aggravated robbery","Non-Indigenous",237
2022,"March","A Crimes against the person","A50 Robbery","A52 Non-aggravated robbery","Total People",279
2022,"March","A Crimes against the person","A60 Blackmail and extortion","A60 Blackmail and extortion","Aboriginal and/or Torres Strait Islander",2
2022,"March","A Crimes against the person","A60 Blackmail and extortion","A60 Blackmail and extortion","Non-Indigenous",177
2022,"March","A Crimes against the person","A60 Blackmail and extortion","A60 Blackmail and extortion","Total People",208
2022,"March","A Crimes against the person","A70 Stalking, harassment and threatening behaviour","A71 Stalking & A72 Harassment and private nuisance","Aboriginal and/or Torres Strait Islander",61
2022,"March","A Crimes against the person","A70 Stalking, harassment and threatening behaviour","A71 Stalking & A72 Harassment and private nuisance","Non-Indigenous",2073
2022,"March","A Crimes against the person","A70 Stalking, harassment and threatening behaviour","A71 Stalking & A72 Harassment and private nuisance","Total People",2271
2022,"March","A Crimes against the person","A70 Stalking, harassment and threatening behaviour","A73 Threatening behaviour","Aboriginal and/or Torres Strait Islander",235
2022,"March","A Crimes against the person","A70 Stalking, harassment and threatening behaviour","A73 Threatening behaviour","Non-Indigenous",4738
2022,"March","A Crimes against the person","A70 Stalking, harassment and threatening behaviour","A73 Threatening behaviour","Total People",5252
2022,"March","A Crimes against the person","A80 Dangerous and negligent acts endangering people","A80 Dangerous and negligent acts endangering people","Aboriginal and/or Torres Strait Islander",73
2022,"March","A Crimes against the person","A80 Dangerous and negligent acts endangering people","A80 Dangerous and negligent acts endangering people","Non-Indigenous",2961
2022,"March","A Crimes against the person","A80 Dangerous and negligent acts endangering people","A80 Dangerous and negligent acts endangering people","Total People",3233
2022,"March","B Property and deception offences","B10 Arson","B10 Arson","Aboriginal and/or Torres Strait Islander",25
2022,"March","B Property and deception offences","B10 Arson","B10 Arson","Non-Indigenous",929
2022,"March","B Property and deception offences","B10 Arson","B10 Arson","Total People",1019
2022,"March","B Property and deception offences","B20 Property damage","B21 Criminal damage","Aboriginal and/or Torres Strait Islander",689
2022,"March","B Property and deception offences","B20 Property damage","B21 Criminal damage","Non-Indigenous",18989
2022,"March","B Property and deception offences","B20 Property damage","B21 Criminal damage","Total People",21132
2022,"March","B Property and deception offences","B20 Property damage","B22 Graffiti & B29 Other property damage offences","Aboriginal and/or Torres Strait Islander",15
2022,"March","B Property and deception offences","B20 Property damage","B22 Graffiti & B29 Other property damage offences","Non-Indigenous",1078
2022,"March","B Property and deception offences","B20 Property damage","B22 Graffiti & B29 Other property damage offences","Total People",1163
2022,"March","B Property and deception offences","B30 Burglary/Break and enter","B31 Aggravated burglary","Aboriginal and/or Torres Strait Islander",87
2022,"March","B Property and deception offences","B30 Burglary/Break and enter","B31 Aggravated burglary","Non-Indigenous",3286
2022,"March","B Property and deception offences","B30 Burglary/Break and enter","B31 Aggravated burglary","Total People",3853
2022,"March","B Property and deception offences","B30 Burglary/Break and enter","B32 Non-aggravated burglary","Aboriginal and/or Torres Strait Islander",274
2022,"March","B Property and deception offences","B30 Burglary/Break and enter","B32 Non-aggravated burglary","Non-Indigenous",14321
2022,"March","B Property and deception offences","B30 Burglary/Break and enter","B32 Non-aggravated burglary","Total People",15759
2022,"March","B Property and deception offences","B40 Theft","B41 Motor vehicle theft","Aboriginal and/or Torres Strait Islander",205
2022,"March","B Property and deception offences","B40 Theft","B41 Motor vehicle theft","Non-Indigenous",9750
2022,"March","B Property and deception offences","B40 Theft","B41 Motor vehicle theft","Total People",10634
2022,"March","B Property and deception offences","B40 Theft","B42 Steal from a motor vehicle","Aboriginal and/or Torres Strait Islander",380
2022,"March","B Property and deception offences","B40 Theft","B42 Steal from a motor vehicle","Non-Indigenous",35752
2022,"March","B Property and deception offences","B40 Theft","B42 Steal from a motor vehicle","Total People",38886
2022,"March","B Property and deception offences","B40 Theft","B44 Theft of a bicycle","Aboriginal and/or Torres Strait Islander",85
2022,"March","B Property and deception offences","B40 Theft","B44 Theft of a bicycle","Non-Indigenous",6180
2022,"March","B Property and deception offences","B40 Theft","B44 Theft of a bicycle","Total People",6751
2022,"March","B Property and deception offences","B40 Theft","Other theft offences","Aboriginal and/or Torres Strait Islander",373
2022,"March","B Property and deception offences","B40 Theft","Other theft offences","Non-Indigenous",19612
2022,"March","B Property and deception offences","B40 Theft","Other theft offences","Total People",21419
2022,"March","B Property and deception offences","B50 Deception","B50 Deception","Aboriginal and/or Torres Strait Islander",77
2022,"March","B Property and deception offences","B50 Deception","B50 Deception","Non-Indigenous",6794
2022,"March","B Property and deception offences","B50 Deception","B50 Deception","Total People",8351
2022,"March","C Other offences","C Other offences","C Other offences","Aboriginal and/or Torres Strait Islander",2
2022,"March","C Other offences","C Other offences","C Other offences","Non-Indigenous",107
2022,"March","C Other offences","C Other offences","C Other offences","Total People",114
