"Year","Year ending","AFM Sex","AFM Age Group","AFM Indigenous Status","AFM Counter"
2026,"March","Females","00-14 years","Aboriginal and/or Torres Strait Islander",257
2026,"March","Females","00-14 years","Non-Indigenous",2119
2026,"March","Females","00-14 years","Total People",2810
2026,"March","Females","15-17 years","Aboriginal and/or Torres Strait Islander",363
2026,"March","Females","15-17 years","Non-Indigenous",2181
2026,"March","Females","15-17 years","Total People",2755
2026,"March","Females","18-19 years","Aboriginal and/or Torres Strait Islander",327
2026,"March","Females","18-19 years","Non-Indigenous",1904
2026,"March","Females","18-19 years","Total People",2382
2026,"March","Females","20-24 years","Aboriginal and/or Torres Strait Islander",753
2026,"March","Females","20-24 years","Non-Indigenous",5481
2026,"March","Females","20-24 years","Total People",6512
2026,"March","Females","25-29 years","Aboriginal and/or Torres Strait Islander",713
2026,"March","Females","25-29 years","Non-Indigenous",7252
2026,"March","Females","25-29 years","Total People",8257
2026,"March","Females","30-34 years","Aboriginal and/or Torres Strait Islander",695
2026,"March","Females","30-34 years","Non-Indigenous",9262
2026,"March","Females","30-34 years","Total People",10259
2026,"March","Females","35-39 years","Aboriginal and/or Torres Strait Islander",681
2026,"March","Females","35-39 years","Non-Indigenous",10000
2026,"March","Females","35-39 years","Total People",10982
2026,"March","Females","40-44 years","Aboriginal and/or Torres Strait Islander",454
2026,"March","Females","40-44 years","Non-Indigenous",8580
2026,"March","Females","40-44 years","Total People",9362
2026,"March","Females","45-49 years","Aboriginal and/or Torres Strait Islander",389
2026,"March","Females","45-49 years","Non-Indigenous",6437
2026,"March","Females","45-49 years","Total People",7047
2026,"March","Females","50-54 years","Aboriginal and/or Torres Strait Islander",314
2026,"March","Females","50-54 years","Non-Indigenous",4942
2026,"March","Females","50-54 years","Total People",5459
2026,"March","Females","55-59 years","Aboriginal and/or Torres Strait Islander",218
2026,"March","Females","55-59 years","Non-Indigenous",3167
2026,"March","Females","55-59 years","Total People",3514
2026,"March","Females","60-64 years","Aboriginal and/or Torres Strait Islander",115
2026,"March","Females","60-64 years","Non-Indigenous",2071
2026,"March","Females","60-64 years","Total People",2289
2026,"March","Females","65 years and over","Aboriginal and/or Torres Strait Islander",164
2026,"March","Females","65 years and over","Non-Indigenous",4234
2026,"March","Females","65 years and over","Total People",4653
2026,"March","Females","Total","Aboriginal and/or Torres Strait Islander",5489
2026,"March","Females","Total","Non-Indigenous",68473
2026,"March","Females","Total","Total People",77227
2026,"March","Males","00-14 years","Aboriginal and/or Torres Strait Islander",160
2026,"March","Males","00-14 years","Non-Indigenous",1571
2026,"March","Males","00-14 years","Total People",2111
2026,"March","Males","15-17 years","Aboriginal and/or Torres Strait Islander",112
2026,"March","Males","15-17 years","Non-Indigenous",866
2026,"March","Males","15-17 years","Total People",1049
2026,"March","Males","18-19 years","Aboriginal and/or Torres Strait Islander",79
2026,"March","Males","18-19 years","Non-Indigenous",708
2026,"March","Males","18-19 years","Total People",824
2026,"March","Males","20-24 years","Aboriginal and/or Torres Strait Islander",146
2026,"March","Males","20-24 years","Non-Indigenous",1599
2026,"March","Males","20-24 years","Total People",1821
2026,"March","Males","25-29 years","Aboriginal and/or Torres Strait Islander",184
2026,"March","Males","25-29 years","Non-Indigenous",1846
2026,"March","Males","25-29 years","Total People",2107
2026,"March","Males","30-34 years","Aboriginal and/or Torres Strait Islander",157
2026,"March","Males","30-34 years","Non-Indigenous",2253
2026,"March","Males","30-34 years","Total People",2457
2026,"March","Males","35-39 years","Aboriginal and/or Torres Strait Islander",118
2026,"March","Males","35-39 years","Non-Indigenous",2271
2026,"March","Males","35-39 years","Total People",2441
2026,"March","Males","40-44 years","Aboriginal and/or Torres Strait Islander",125
2026,"March","Males","40-44 years","Non-Indigenous",2375
2026,"March","Males","40-44 years","Total People",2570
2026,"March","Males","45-49 years","Aboriginal and/or Torres Strait Islander",102
2026,"March","Males","45-49 years","Non-Indigenous",2125
2026,"March","Males","45-49 years","Total People",2282
2026,"March","Males","50-54 years","Aboriginal and/or Torres Strait Islander",98
2026,"March","Males","50-54 years","Non-Indigenous",1936
2026,"March","Males","50-54 years","Total People",2081
2026,"March","Males","55-59 years","Aboriginal and/or Torres Strait Islander",58
2026,"March","Males","55-59 years","Non-Indigenous",1506
2026,"March","Males","55-59 years","Total People",1602
2026,"March","Males","60-64 years","Aboriginal and/or Torres Strait Islander",77
2026,"March","Males","60-64 years","Non-Indigenous",1153
2026,"March","Males","60-64 years","Total People",1264
2026,"March","Males","65 years and over","Aboriginal and/or Torres Strait Islander",39
2026,"March","Males","65 years and over","Non-Indigenous",2332
2026,"March","Males","65 years and over","Total People",2481
2026,"March","Males","Total","Aboriginal and/or Torres Strait Islander",1463
2026,"March","Males","Total","Non-Indigenous",22755
2026,"March","Males","Total","Total People",25327
2026,"March","People","00-14 years","Aboriginal and/or Torres Strait Islander",417
2026,"March","People","00-14 years","Non-Indigenous",3696
2026,"March","People","00-14 years","Total People",4929
2026,"March","People","15-17 years","Aboriginal and/or Torres Strait Islander",475
2026,"March","People","15-17 years","Non-Indigenous",3052
2026,"March","People","15-17 years","Total People",3811
2026,"March","People","18-19 years","Aboriginal and/or Torres Strait Islander",406
2026,"March","People","18-19 years","Non-Indigenous",2614
2026,"March","People","18-19 years","Total People",3208
2026,"March","People","20-24 years","Aboriginal and/or Torres Strait Islander",899
2026,"March","People","20-24 years","Non-Indigenous",7084
2026,"March","People","20-24 years","Total People",8337
2026,"March","People","25-29 years","Aboriginal and/or Torres Strait Islander",897
2026,"March","People","25-29 years","Non-Indigenous",9102
2026,"March","People","25-29 years","Total People",10368
2026,"March","People","30-34 years","Aboriginal and/or Torres Strait Islander",852
2026,"March","People","30-34 years","Non-Indigenous",11517
2026,"March","People","30-34 years","Total People",12718
2026,"March","People","35-39 years","Aboriginal and/or Torres Strait Islander",799
2026,"March","People","35-39 years","Non-Indigenous",12277
2026,"March","People","35-39 years","Total People",13430
2026,"March","People","40-44 years","Aboriginal and/or Torres Strait Islander",581
2026,"March","People","40-44 years","Non-Indigenous",10962
2026,"March","People","40-44 years","Total People",11944
2026,"March","People","45-49 years","Aboriginal and/or Torres Strait Islander",492
2026,"March","People","45-49 years","Non-Indigenous",8566
2026,"March","People","45-49 years","Total People",9334
2026,"March","People","50-54 years","Aboriginal and/or Torres Strait Islander",412
2026,"March","People","50-54 years","Non-Indigenous",6885
2026,"March","People","50-54 years","Total People",7548
2026,"March","People","55-59 years","Aboriginal and/or Torres Strait Islander",276
2026,"March","People","55-59 years","Non-Indigenous",4679
2026,"March","People","55-59 years","Total People",5123
2026,"March","People","60-64 years","Aboriginal and/or Torres Strait Islander",192
2026,"March","People","60-64 years","Non-Indigenous",3229
2026,"March","People","60-64 years","Total People",3558
2026,"March","People","65 years and over","Aboriginal and/or Torres Strait Islander",203
2026,"March","People","65 years and over","Non-Indigenous",6594
2026,"March","People","65 years and over","Total People",7168
2026,"March","People","Total","Aboriginal and/or Torres Strait Islander",6955
2026,"March","People","Total","Non-Indigenous",91328
2026,"March","People","Total","Total People",102676
2025,"March","Females","00-14 years","Aboriginal and/or Torres Strait Islander",259
2025,"March","Females","00-14 years","Non-Indigenous",2167
2025,"March","Females","00-14 years","Total People",2826
2025,"March","Females","15-17 years","Aboriginal and/or Torres Strait Islander",305
2025,"March","Females","15-17 years","Non-Indigenous",2179
2025,"March","Females","15-17 years","Total People",2688
2025,"March","Females","18-19 years","Aboriginal and/or Torres Strait Islander",298
2025,"March","Females","18-19 years","Non-Indigenous",1783
2025,"March","Females","18-19 years","Total People",2200
2025,"March","Females","20-24 years","Aboriginal and/or Torres Strait Islander",722
2025,"March","Females","20-24 years","Non-Indigenous",5856
2025,"March","Females","20-24 years","Total People",6859
2025,"March","Females","25-29 years","Aboriginal and/or Torres Strait Islander",790
2025,"March","Females","25-29 years","Non-Indigenous",7862
2025,"March","Females","25-29 years","Total People",8927
2025,"March","Females","30-34 years","Aboriginal and/or Torres Strait Islander",769
2025,"March","Females","30-34 years","Non-Indigenous",9647
2025,"March","Females","30-34 years","Total People",10664
2025,"March","Females","35-39 years","Aboriginal and/or Torres Strait Islander",699
2025,"March","Females","35-39 years","Non-Indigenous",10606
2025,"March","Females","35-39 years","Total People",11560
2025,"March","Females","40-44 years","Aboriginal and/or Torres Strait Islander",510
2025,"March","Females","40-44 years","Non-Indigenous",8810
2025,"March","Females","40-44 years","Total People",9553
2025,"March","Females","45-49 years","Aboriginal and/or Torres Strait Islander",396
2025,"March","Females","45-49 years","Non-Indigenous",6400
2025,"March","Females","45-49 years","Total People",6980
2025,"March","Females","50-54 years","Aboriginal and/or Torres Strait Islander",334
2025,"March","Females","50-54 years","Non-Indigenous",5209
2025,"March","Females","50-54 years","Total People",5724
2025,"March","Females","55-59 years","Aboriginal and/or Torres Strait Islander",179
2025,"March","Females","55-59 years","Non-Indigenous",3368
2025,"March","Females","55-59 years","Total People",3657
2025,"March","Females","60-64 years","Aboriginal and/or Torres Strait Islander",120
2025,"March","Females","60-64 years","Non-Indigenous",2130
2025,"March","Females","60-64 years","Total People",2338
2025,"March","Females","65 years and over","Aboriginal and/or Torres Strait Islander",193
2025,"March","Females","65 years and over","Non-Indigenous",4263
2025,"March","Females","65 years and over","Total People",4714
2025,"March","Females","Total","Aboriginal and/or Torres Strait Islander",5621
2025,"March","Females","Total","Non-Indigenous",71077
2025,"March","Females","Total","Total People",79590
2025,"March","Males","00-14 years","Aboriginal and/or Torres Strait Islander",200
2025,"March","Males","00-14 years","Non-Indigenous",1782
2025,"March","Males","00-14 years","Total People",2395
2025,"March","Males","15-17 years","Aboriginal and/or Torres Strait Islander",127
2025,"March","Males","15-17 years","Non-Indigenous",940
2025,"March","Males","15-17 years","Total People",1122
2025,"March","Males","18-19 years","Aboriginal and/or Torres Strait Islander",98
2025,"March","Males","18-19 years","Non-Indigenous",640
2025,"March","Males","18-19 years","Total People",790
2025,"March","Males","20-24 years","Aboriginal and/or Torres Strait Islander",234
2025,"March","Males","20-24 years","Non-Indigenous",1674
2025,"March","Males","20-24 years","Total People",1976
2025,"March","Males","25-29 years","Aboriginal and/or Torres Strait Islander",166
2025,"March","Males","25-29 years","Non-Indigenous",1926
2025,"March","Males","25-29 years","Total People",2149
2025,"March","Males","30-34 years","Aboriginal and/or Torres Strait Islander",186
2025,"March","Males","30-34 years","Non-Indigenous",2355
2025,"March","Males","30-34 years","Total People",2592
2025,"March","Males","35-39 years","Aboriginal and/or Torres Strait Islander",173
2025,"March","Males","35-39 years","Non-Indigenous",2477
2025,"March","Males","35-39 years","Total People",2690
2025,"March","Males","40-44 years","Aboriginal and/or Torres Strait Islander",146
2025,"March","Males","40-44 years","Non-Indigenous",2528
2025,"March","Males","40-44 years","Total People",2735
2025,"March","Males","45-49 years","Aboriginal and/or Torres Strait Islander",106
2025,"March","Males","45-49 years","Non-Indigenous",2219
2025,"March","Males","45-49 years","Total People",2363
2025,"March","Males","50-54 years","Aboriginal and/or Torres Strait Islander",99
2025,"March","Males","50-54 years","Non-Indigenous",2015
2025,"March","Males","50-54 years","Total People",2158
2025,"March","Males","55-59 years","Aboriginal and/or Torres Strait Islander",47
2025,"March","Males","55-59 years","Non-Indigenous",1383
2025,"March","Males","55-59 years","Total People",1467
2025,"March","Males","60-64 years","Aboriginal and/or Torres Strait Islander",35
2025,"March","Males","60-64 years","Non-Indigenous",1288
2025,"March","Males","60-64 years","Total People",1351
2025,"March","Males","65 years and over","Aboriginal and/or Torres Strait Islander",40
2025,"March","Males","65 years and over","Non-Indigenous",2391
2025,"March","Males","65 years and over","Total People",2526
2025,"March","Males","Total","Aboriginal and/or Torres Strait Islander",1663
2025,"March","Males","Total","Non-Indigenous",23845
2025,"March","Males","Total","Total People",26560
2025,"March","People","00-14 years","Aboriginal and/or Torres Strait Islander",460
2025,"March","People","00-14 years","Non-Indigenous",3951
2025,"March","People","00-14 years","Total People",5228
2025,"March","People","15-17 years","Aboriginal and/or Torres Strait Islander",432
2025,"March","People","15-17 years","Non-Indigenous",3121
2025,"March","People","15-17 years","Total People",3813
2025,"March","People","18-19 years","Aboriginal and/or Torres Strait Islander",396
2025,"March","People","18-19 years","Non-Indigenous",2424
2025,"March","People","18-19 years","Total People",2991
2025,"March","People","20-24 years","Aboriginal and/or Torres Strait Islander",956
2025,"March","People","20-24 years","Non-Indigenous",7531
2025,"March","People","20-24 years","Total People",8839
2025,"March","People","25-29 years","Aboriginal and/or Torres Strait Islander",956
2025,"March","People","25-29 years","Non-Indigenous",9789
2025,"March","People","25-29 years","Total People",11077
2025,"March","People","30-34 years","Aboriginal and/or Torres Strait Islander",955
2025,"March","People","30-34 years","Non-Indigenous",12007
2025,"March","People","30-34 years","Total People",13262
2025,"March","People","35-39 years","Aboriginal and/or Torres Strait Islander",872
2025,"March","People","35-39 years","Non-Indigenous",13083
2025,"March","People","35-39 years","Total People",14250
2025,"March","People","40-44 years","Aboriginal and/or Torres Strait Islander",657
2025,"March","People","40-44 years","Non-Indigenous",11347
2025,"March","People","40-44 years","Total People",12298
2025,"March","People","45-49 years","Aboriginal and/or Torres Strait Islander",502
2025,"March","People","45-49 years","Non-Indigenous",8622
2025,"March","People","45-49 years","Total People",9348
2025,"March","People","50-54 years","Aboriginal and/or Torres Strait Islander",433
2025,"March","People","50-54 years","Non-Indigenous",7229
2025,"March","People","50-54 years","Total People",7887
2025,"March","People","55-59 years","Aboriginal and/or Torres Strait Islander",226
2025,"March","People","55-59 years","Non-Indigenous",4751
2025,"March","People","55-59 years","Total People",5126
2025,"March","People","60-64 years","Aboriginal and/or Torres Strait Islander",155
2025,"March","People","60-64 years","Non-Indigenous",3428
2025,"March","People","60-64 years","Total People",3699
2025,"March","People","65 years and over","Aboriginal and/or Torres Strait Islander",234
2025,"March","People","65 years and over","Non-Indigenous",6673
2025,"March","People","65 years and over","Total People",7266
2025,"March","People","Total","Aboriginal and/or Torres Strait Islander",7289
2025,"March","People","Total","Non-Indigenous",94988
2025,"March","People","Total","Total People",106241
2024,"March","Females","00-14 years","Aboriginal and/or Torres Strait Islander",271
2024,"March","Females","00-14 years","Non-Indigenous",2117
2024,"March","Females","00-14 years","Total People",2823
2024,"March","Females","15-17 years","Aboriginal and/or Torres Strait Islander",313
2024,"March","Females","15-17 years","Non-Indigenous",2171
2024,"March","Females","15-17 years","Total People",2674
2024,"March","Females","18-19 years","Aboriginal and/or Torres Strait Islander",241
2024,"March","Females","18-19 years","Non-Indigenous",1720
2024,"March","Females","18-19 years","Total People",2040
2024,"March","Females","20-24 years","Aboriginal and/or Torres Strait Islander",573
2024,"March","Females","20-24 years","Non-Indigenous",5417
2024,"March","Females","20-24 years","Total People",6187
2024,"March","Females","25-29 years","Aboriginal and/or Torres Strait Islander",679
2024,"March","Females","25-29 years","Non-Indigenous",7229
2024,"March","Females","25-29 years","Total People",8117
2024,"March","Females","30-34 years","Aboriginal and/or Torres Strait Islander",688
2024,"March","Females","30-34 years","Non-Indigenous",8696
2024,"March","Females","30-34 years","Total People",9597
2024,"March","Females","35-39 years","Aboriginal and/or Torres Strait Islander",553
2024,"March","Females","35-39 years","Non-Indigenous",9261
2024,"March","Females","35-39 years","Total People",10054
2024,"March","Females","40-44 years","Aboriginal and/or Torres Strait Islander",490
2024,"March","Females","40-44 years","Non-Indigenous",7792
2024,"March","Females","40-44 years","Total People",8458
2024,"March","Females","45-49 years","Aboriginal and/or Torres Strait Islander",360
2024,"March","Females","45-49 years","Non-Indigenous",5929
2024,"March","Females","45-49 years","Total People",6454
2024,"March","Females","50-54 years","Aboriginal and/or Torres Strait Islander",310
2024,"March","Females","50-54 years","Non-Indigenous",4712
2024,"March","Females","50-54 years","Total People",5177
2024,"March","Females","55-59 years","Aboriginal and/or Torres Strait Islander",182
2024,"March","Females","55-59 years","Non-Indigenous",2866
2024,"March","Females","55-59 years","Total People",3143
2024,"March","Females","60-64 years","Aboriginal and/or Torres Strait Islander",100
2024,"March","Females","60-64 years","Non-Indigenous",1914
2024,"March","Females","60-64 years","Total People",2083
2024,"March","Females","65 years and over","Aboriginal and/or Torres Strait Islander",138
2024,"March","Females","65 years and over","Non-Indigenous",3663
2024,"March","Females","65 years and over","Total People",3963
2024,"March","Females","Total","Aboriginal and/or Torres Strait Islander",4933
2024,"March","Females","Total","Non-Indigenous",64229
2024,"March","Females","Total","Total People",71576
2024,"March","Males","00-14 years","Aboriginal and/or Torres Strait Islander",161
2024,"March","Males","00-14 years","Non-Indigenous",1710
2024,"March","Males","00-14 years","Total People",2284
2024,"March","Males","15-17 years","Aboriginal and/or Torres Strait Islander",98
2024,"March","Males","15-17 years","Non-Indigenous",897
2024,"March","Males","15-17 years","Total People",1060
2024,"March","Males","18-19 years","Aboriginal and/or Torres Strait Islander",74
2024,"March","Males","18-19 years","Non-Indigenous",612
2024,"March","Males","18-19 years","Total People",708
2024,"March","Males","20-24 years","Aboriginal and/or Torres Strait Islander",163
2024,"March","Males","20-24 years","Non-Indigenous",1557
2024,"March","Males","20-24 years","Total People",1779
2024,"March","Males","25-29 years","Aboriginal and/or Torres Strait Islander",169
2024,"March","Males","25-29 years","Non-Indigenous",1858
2024,"March","Males","25-29 years","Total People",2094
2024,"March","Males","30-34 years","Aboriginal and/or Torres Strait Islander",124
2024,"March","Males","30-34 years","Non-Indigenous",2085
2024,"March","Males","30-34 years","Total People",2267
2024,"March","Males","35-39 years","Aboriginal and/or Torres Strait Islander",145
2024,"March","Males","35-39 years","Non-Indigenous",2308
2024,"March","Males","35-39 years","Total People",2490
2024,"March","Males","40-44 years","Aboriginal and/or Torres Strait Islander",123
2024,"March","Males","40-44 years","Non-Indigenous",2246
2024,"March","Males","40-44 years","Total People",2414
2024,"March","Males","45-49 years","Aboriginal and/or Torres Strait Islander",96
2024,"March","Males","45-49 years","Non-Indigenous",2084
2024,"March","Males","45-49 years","Total People",2218
2024,"March","Males","50-54 years","Aboriginal and/or Torres Strait Islander",106
2024,"March","Males","50-54 years","Non-Indigenous",1757
2024,"March","Males","50-54 years","Total People",1911
2024,"March","Males","55-59 years","Aboriginal and/or Torres Strait Islander",62
2024,"March","Males","55-59 years","Non-Indigenous",1437
2024,"March","Males","55-59 years","Total People",1536
2024,"March","Males","60-64 years","Aboriginal and/or Torres Strait Islander",34
2024,"March","Males","60-64 years","Non-Indigenous",1085
2024,"March","Males","60-64 years","Total People",1162
2024,"March","Males","65 years and over","Aboriginal and/or Torres Strait Islander",34
2024,"March","Males","65 years and over","Non-Indigenous",2019
2024,"March","Males","65 years and over","Total People",2146
2024,"March","Males","Total","Aboriginal and/or Torres Strait Islander",1392
2024,"March","Males","Total","Non-Indigenous",21870
2024,"March","Males","Total","Total People",24303
2024,"March","People","00-14 years","Aboriginal and/or Torres Strait Islander",432
2024,"March","People","00-14 years","Non-Indigenous",3830
2024,"March","People","00-14 years","Total People",5113
2024,"March","People","15-17 years","Aboriginal and/or Torres Strait Islander",411
2024,"March","People","15-17 years","Non-Indigenous",3069
2024,"March","People","15-17 years","Total People",3735
2024,"March","People","18-19 years","Aboriginal and/or Torres Strait Islander",315
2024,"March","People","18-19 years","Non-Indigenous",2332
2024,"March","People","18-19 years","Total People",2748
2024,"March","People","20-24 years","Aboriginal and/or Torres Strait Islander",736
2024,"March","People","20-24 years","Non-Indigenous",6974
2024,"March","People","20-24 years","Total People",7967
2024,"March","People","25-29 years","Aboriginal and/or Torres Strait Islander",848
2024,"March","People","25-29 years","Non-Indigenous",9091
2024,"March","People","25-29 years","Total People",10215
2024,"March","People","30-34 years","Aboriginal and/or Torres Strait Islander",813
2024,"March","People","30-34 years","Non-Indigenous",10788
2024,"March","People","30-34 years","Total People",11872
2024,"March","People","35-39 years","Aboriginal and/or Torres Strait Islander",698
2024,"March","People","35-39 years","Non-Indigenous",11572
2024,"March","People","35-39 years","Total People",12547
2024,"March","People","40-44 years","Aboriginal and/or Torres Strait Islander",613
2024,"March","People","40-44 years","Non-Indigenous",10044
2024,"March","People","40-44 years","Total People",10880
2024,"March","People","45-49 years","Aboriginal and/or Torres Strait Islander",456
2024,"March","People","45-49 years","Non-Indigenous",8017
2024,"March","People","45-49 years","Total People",8676
2024,"March","People","50-54 years","Aboriginal and/or Torres Strait Islander",416
2024,"March","People","50-54 years","Non-Indigenous",6473
2024,"March","People","50-54 years","Total People",7093
2024,"March","People","55-59 years","Aboriginal and/or Torres Strait Islander",244
2024,"March","People","55-59 years","Non-Indigenous",4306
2024,"March","People","55-59 years","Total People",4683
2024,"March","People","60-64 years","Aboriginal and/or Torres Strait Islander",134
2024,"March","People","60-64 years","Non-Indigenous",3007
2024,"March","People","60-64 years","Total People",3253
2024,"March","People","65 years and over","Aboriginal and/or Torres Strait Islander",172
2024,"March","People","65 years and over","Non-Indigenous",5704
2024,"March","People","65 years and over","Total People",6132
2024,"March","People","Total","Aboriginal and/or Torres Strait Islander",6327
2024,"March","People","Total","Non-Indigenous",86181
2024,"March","People","Total","Total People",95978
2023,"March","Females","00-14 years","Aboriginal and/or Torres Strait Islander",204
2023,"March","Females","00-14 years","Non-Indigenous",2171
2023,"March","Females","00-14 years","Total People",2718
2023,"March","Females","15-17 years","Aboriginal and/or Torres Strait Islander",260
2023,"March","Females","15-17 years","Non-Indigenous",2049
2023,"March","Females","15-17 years","Total People",2477
2023,"March","Females","18-19 years","Aboriginal and/or Torres Strait Islander",185
2023,"March","Females","18-19 years","Non-Indigenous",1699
2023,"March","Females","18-19 years","Total People",1960
2023,"March","Females","20-24 years","Aboriginal and/or Torres Strait Islander",563
2023,"March","Females","20-24 years","Non-Indigenous",5428
2023,"March","Females","20-24 years","Total People",6215
2023,"March","Females","25-29 years","Aboriginal and/or Torres Strait Islander",624
2023,"March","Females","25-29 years","Non-Indigenous",7400
2023,"March","Females","25-29 years","Total People",8274
2023,"March","Females","30-34 years","Aboriginal and/or Torres Strait Islander",626
2023,"March","Females","30-34 years","Non-Indigenous",8604
2023,"March","Females","30-34 years","Total People",9431
2023,"March","Females","35-39 years","Aboriginal and/or Torres Strait Islander",587
2023,"March","Females","35-39 years","Non-Indigenous",8493
2023,"March","Females","35-39 years","Total People",9301
2023,"March","Females","40-44 years","Aboriginal and/or Torres Strait Islander",488
2023,"March","Females","40-44 years","Non-Indigenous",7537
2023,"March","Females","40-44 years","Total People",8218
2023,"March","Females","45-49 years","Aboriginal and/or Torres Strait Islander",330
2023,"March","Females","45-49 years","Non-Indigenous",5920
2023,"March","Females","45-49 years","Total People",6423
2023,"March","Females","50-54 years","Aboriginal and/or Torres Strait Islander",250
2023,"March","Females","50-54 years","Non-Indigenous",4685
2023,"March","Females","50-54 years","Total People",5072
2023,"March","Females","55-59 years","Aboriginal and/or Torres Strait Islander",159
2023,"March","Females","55-59 years","Non-Indigenous",2719
2023,"March","Females","55-59 years","Total People",2968
2023,"March","Females","60-64 years","Aboriginal and/or Torres Strait Islander",81
2023,"March","Females","60-64 years","Non-Indigenous",1755
2023,"March","Females","60-64 years","Total People",1910
2023,"March","Females","65 years and over","Aboriginal and/or Torres Strait Islander",117
2023,"March","Females","65 years and over","Non-Indigenous",3433
2023,"March","Females","65 years and over","Total People",3764
2023,"March","Females","Total","Aboriginal and/or Torres Strait Islander",4504
2023,"March","Females","Total","Non-Indigenous",62624
2023,"March","Females","Total","Total People",69529
2023,"March","Males","00-14 years","Aboriginal and/or Torres Strait Islander",144
2023,"March","Males","00-14 years","Non-Indigenous",1642
2023,"March","Males","00-14 years","Total People",2085
2023,"March","Males","15-17 years","Aboriginal and/or Torres Strait Islander",102
2023,"March","Males","15-17 years","Non-Indigenous",769
2023,"March","Males","15-17 years","Total People",930
2023,"March","Males","18-19 years","Aboriginal and/or Torres Strait Islander",72
2023,"March","Males","18-19 years","Non-Indigenous",627
2023,"March","Males","18-19 years","Total People",721
2023,"March","Males","20-24 years","Aboriginal and/or Torres Strait Islander",188
2023,"March","Males","20-24 years","Non-Indigenous",1578
2023,"March","Males","20-24 years","Total People",1828
2023,"March","Males","25-29 years","Aboriginal and/or Torres Strait Islander",163
2023,"March","Males","25-29 years","Non-Indigenous",1949
2023,"March","Males","25-29 years","Total People",2170
2023,"March","Males","30-34 years","Aboriginal and/or Torres Strait Islander",121
2023,"March","Males","30-34 years","Non-Indigenous",2036
2023,"March","Males","30-34 years","Total People",2190
2023,"March","Males","35-39 years","Aboriginal and/or Torres Strait Islander",118
2023,"March","Males","35-39 years","Non-Indigenous",2288
2023,"March","Males","35-39 years","Total People",2459
2023,"March","Males","40-44 years","Aboriginal and/or Torres Strait Islander",88
2023,"March","Males","40-44 years","Non-Indigenous",2200
2023,"March","Males","40-44 years","Total People",2335
2023,"March","Males","45-49 years","Aboriginal and/or Torres Strait Islander",78
2023,"March","Males","45-49 years","Non-Indigenous",1947
2023,"March","Males","45-49 years","Total People",2057
2023,"March","Males","50-54 years","Aboriginal and/or Torres Strait Islander",80
2023,"March","Males","50-54 years","Non-Indigenous",1841
2023,"March","Males","50-54 years","Total People",1975
2023,"March","Males","55-59 years","Aboriginal and/or Torres Strait Islander",45
2023,"March","Males","55-59 years","Non-Indigenous",1447
2023,"March","Males","55-59 years","Total People",1534
2023,"March","Males","60-64 years","Aboriginal and/or Torres Strait Islander",19
2023,"March","Males","60-64 years","Non-Indigenous",966
2023,"March","Males","60-64 years","Total People",1024
2023,"March","Males","65 years and over","Aboriginal and/or Torres Strait Islander",15
2023,"March","Males","65 years and over","Non-Indigenous",1829
2023,"March","Males","65 years and over","Total People",1954
2023,"March","Males","Total","Aboriginal and/or Torres Strait Islander",1237
2023,"March","Males","Total","Non-Indigenous",21307
2023,"March","Males","Total","Total People",23473
2023,"March","People","00-14 years","Aboriginal and/or Torres Strait Islander",348
2023,"March","People","00-14 years","Non-Indigenous",3817
2023,"March","People","00-14 years","Total People",4808
2023,"March","People","15-17 years","Aboriginal and/or Torres Strait Islander",362
2023,"March","People","15-17 years","Non-Indigenous",2820
2023,"March","People","15-17 years","Total People",3411
2023,"March","People","18-19 years","Aboriginal and/or Torres Strait Islander",257
2023,"March","People","18-19 years","Non-Indigenous",2328
2023,"March","People","18-19 years","Total People",2683
2023,"March","People","20-24 years","Aboriginal and/or Torres Strait Islander",751
2023,"March","People","20-24 years","Non-Indigenous",7007
2023,"March","People","20-24 years","Total People",8045
2023,"March","People","25-29 years","Aboriginal and/or Torres Strait Islander",787
2023,"March","People","25-29 years","Non-Indigenous",9351
2023,"March","People","25-29 years","Total People",10446
2023,"March","People","30-34 years","Aboriginal and/or Torres Strait Islander",747
2023,"March","People","30-34 years","Non-Indigenous",10642
2023,"March","People","30-34 years","Total People",11623
2023,"March","People","35-39 years","Aboriginal and/or Torres Strait Islander",705
2023,"March","People","35-39 years","Non-Indigenous",10788
2023,"March","People","35-39 years","Total People",11768
2023,"March","People","40-44 years","Aboriginal and/or Torres Strait Islander",576
2023,"March","People","40-44 years","Non-Indigenous",9738
2023,"March","People","40-44 years","Total People",10555
2023,"March","People","45-49 years","Aboriginal and/or Torres Strait Islander",408
2023,"March","People","45-49 years","Non-Indigenous",7868
2023,"March","People","45-49 years","Total People",8481
2023,"March","People","50-54 years","Aboriginal and/or Torres Strait Islander",330
2023,"March","People","50-54 years","Non-Indigenous",6533
2023,"March","People","50-54 years","Total People",7054
2023,"March","People","55-59 years","Aboriginal and/or Torres Strait Islander",204
2023,"March","People","55-59 years","Non-Indigenous",4168
2023,"March","People","55-59 years","Total People",4506
2023,"March","People","60-64 years","Aboriginal and/or Torres Strait Islander",100
2023,"March","People","60-64 years","Non-Indigenous",2726
2023,"March","People","60-64 years","Total People",2939
2023,"March","People","65 years and over","Aboriginal and/or Torres Strait Islander",132
2023,"March","People","65 years and over","Non-Indigenous",5283
2023,"March","People","65 years and over","Total People",5745
2023,"March","People","Total","Aboriginal and/or Torres Strait Islander",5741
2023,"March","People","Total","Non-Indigenous",83996
2023,"March","People","Total","Total People",93088
2022,"March","Females","00-14 years","Aboriginal and/or Torres Strait Islander",202
2022,"March","Females","00-14 years","Non-Indigenous",1974
2022,"March","Females","00-14 years","Total People",2487
2022,"March","Females","15-17 years","Aboriginal and/or Torres Strait Islander",229
2022,"March","Females","15-17 years","Non-Indigenous",2009
2022,"March","Females","15-17 years","Total People",2395
2022,"March","Females","18-19 years","Aboriginal and/or Torres Strait Islander",217
2022,"March","Females","18-19 years","Non-Indigenous",1809
2022,"March","Females","18-19 years","Total People",2108
2022,"March","Females","20-24 years","Aboriginal and/or Torres Strait Islander",566
2022,"March","Females","20-24 years","Non-Indigenous",5583
2022,"March","Females","20-24 years","Total People",6395
2022,"March","Females","25-29 years","Aboriginal and/or Torres Strait Islander",638
2022,"March","Females","25-29 years","Non-Indigenous",7319
2022,"March","Females","25-29 years","Total People",8200
2022,"March","Females","30-34 years","Aboriginal and/or Torres Strait Islander",577
2022,"March","Females","30-34 years","Non-Indigenous",8594
2022,"March","Females","30-34 years","Total People",9385
2022,"March","Females","35-39 years","Aboriginal and/or Torres Strait Islander",442
2022,"March","Females","35-39 years","Non-Indigenous",8456
2022,"March","Females","35-39 years","Total People",9120
2022,"March","Females","40-44 years","Aboriginal and/or Torres Strait Islander",434
2022,"March","Females","40-44 years","Non-Indigenous",7098
2022,"March","Females","40-44 years","Total People",7710
2022,"March","Females","45-49 years","Aboriginal and/or Torres Strait Islander",309
2022,"March","Females","45-49 years","Non-Indigenous",5888
2022,"March","Females","45-49 years","Total People",6393
2022,"March","Females","50-54 years","Aboriginal and/or Torres Strait Islander",269
2022,"March","Females","50-54 years","Non-Indigenous",4483
2022,"March","Females","50-54 years","Total People",4931
2022,"March","Females","55-59 years","Aboriginal and/or Torres Strait Islander",142
2022,"March","Females","55-59 years","Non-Indigenous",2638
2022,"March","Females","55-59 years","Total People",2877
2022,"March","Females","60-64 years","Aboriginal and/or Torres Strait Islander",82
2022,"March","Females","60-64 years","Non-Indigenous",1692
2022,"March","Females","60-64 years","Total People",1860
2022,"March","Females","65 years and over","Aboriginal and/or Torres Strait Islander",90
2022,"March","Females","65 years and over","Non-Indigenous",3076
2022,"March","Females","65 years and over","Total People",3370
2022,"March","Females","Total","Aboriginal and/or Torres Strait Islander",4233
2022,"March","Females","Total","Non-Indigenous",61293
2022,"March","Females","Total","Total People",67982
2022,"March","Males","00-14 years","Aboriginal and/or Torres Strait Islander",126
2022,"March","Males","00-14 years","Non-Indigenous",1500
2022,"March","Males","00-14 years","Total People",1844
2022,"March","Males","15-17 years","Aboriginal and/or Torres Strait Islander",75
2022,"March","Males","15-17 years","Non-Indigenous",765
2022,"March","Males","15-17 years","Total People",898
2022,"March","Males","18-19 years","Aboriginal and/or Torres Strait Islander",55
2022,"March","Males","18-19 years","Non-Indigenous",588
2022,"March","Males","18-19 years","Total People",676
2022,"March","Males","20-24 years","Aboriginal and/or Torres Strait Islander",178
2022,"March","Males","20-24 years","Non-Indigenous",1648
2022,"March","Males","20-24 years","Total People",1888
2022,"March","Males","25-29 years","Aboriginal and/or Torres Strait Islander",165
2022,"March","Males","25-29 years","Non-Indigenous",1960
2022,"March","Males","25-29 years","Total People",2178
2022,"March","Males","30-34 years","Aboriginal and/or Torres Strait Islander",119
2022,"March","Males","30-34 years","Non-Indigenous",1956
2022,"March","Males","30-34 years","Total People",2108
2022,"March","Males","35-39 years","Aboriginal and/or Torres Strait Islander",126
2022,"March","Males","35-39 years","Non-Indigenous",2119
2022,"March","Males","35-39 years","Total People",2298
2022,"March","Males","40-44 years","Aboriginal and/or Torres Strait Islander",87
2022,"March","Males","40-44 years","Non-Indigenous",1972
2022,"March","Males","40-44 years","Total People",2117
2022,"March","Males","45-49 years","Aboriginal and/or Torres Strait Islander",96
2022,"March","Males","45-49 years","Non-Indigenous",2132
2022,"March","Males","45-49 years","Total People",2284
2022,"March","Males","50-54 years","Aboriginal and/or Torres Strait Islander",81
2022,"March","Males","50-54 years","Non-Indigenous",1813
2022,"March","Males","50-54 years","Total People",1940
2022,"March","Males","55-59 years","Aboriginal and/or Torres Strait Islander",51
2022,"March","Males","55-59 years","Non-Indigenous",1377
2022,"March","Males","55-59 years","Total People",1467
2022,"March","Males","60-64 years","Aboriginal and/or Torres Strait Islander",22
2022,"March","Males","60-64 years","Non-Indigenous",902
2022,"March","Males","60-64 years","Total People",961
2022,"March","Males","65 years and over","Aboriginal and/or Torres Strait Islander",16
2022,"March","Males","65 years and over","Non-Indigenous",1695
2022,"March","Males","65 years and over","Total People",1813
2022,"March","Males","Total","Aboriginal and/or Torres Strait Islander",1204
2022,"March","Males","Total","Non-Indigenous",20632
2022,"March","Males","Total","Total People",22705
2022,"March","People","00-14 years","Aboriginal and/or Torres Strait Islander",329
2022,"March","People","00-14 years","Non-Indigenous",3480
2022,"March","People","00-14 years","Total People",4338
2022,"March","People","15-17 years","Aboriginal and/or Torres Strait Islander",305
2022,"March","People","15-17 years","Non-Indigenous",2778
2022,"March","People","15-17 years","Total People",3298
2022,"March","People","18-19 years","Aboriginal and/or Torres Strait Islander",272
2022,"March","People","18-19 years","Non-Indigenous",2398
2022,"March","People","18-19 years","Total People",2785
2022,"March","People","20-24 years","Aboriginal and/or Torres Strait Islander",744
2022,"March","People","20-24 years","Non-Indigenous",7233
2022,"March","People","20-24 years","Total People",8288
2022,"March","People","25-29 years","Aboriginal and/or Torres Strait Islander",806
2022,"March","People","25-29 years","Non-Indigenous",9282
2022,"March","People","25-29 years","Total People",10384
2022,"March","People","30-34 years","Aboriginal and/or Torres Strait Islander",696
2022,"March","People","30-34 years","Non-Indigenous",10551
2022,"March","People","30-34 years","Total People",11495
2022,"March","People","35-39 years","Aboriginal and/or Torres Strait Islander",568
2022,"March","People","35-39 years","Non-Indigenous",10579
2022,"March","People","35-39 years","Total People",11423
2022,"March","People","40-44 years","Aboriginal and/or Torres Strait Islander",521
2022,"March","People","40-44 years","Non-Indigenous",9073
2022,"March","People","40-44 years","Total People",9832
2022,"March","People","45-49 years","Aboriginal and/or Torres Strait Islander",405
2022,"March","People","45-49 years","Non-Indigenous",8025
2022,"March","People","45-49 years","Total People",8683
2022,"March","People","50-54 years","Aboriginal and/or Torres Strait Islander",350
2022,"March","People","50-54 years","Non-Indigenous",6301
2022,"March","People","50-54 years","Total People",6876
2022,"March","People","55-59 years","Aboriginal and/or Torres Strait Islander",193
2022,"March","People","55-59 years","Non-Indigenous",4021
2022,"March","People","55-59 years","Total People",4351
2022,"March","People","60-64 years","Aboriginal and/or Torres Strait Islander",104
2022,"March","People","60-64 years","Non-Indigenous",2596
2022,"March","People","60-64 years","Total People",2824
2022,"March","People","65 years and over","Aboriginal and/or Torres Strait Islander",107
2022,"March","People","65 years and over","Non-Indigenous",4787
2022,"March","People","65 years and over","Total People",5200
2022,"March","People","Total","Aboriginal and/or Torres Strait Islander",5444
2022,"March","People","Total","Non-Indigenous",81996
2022,"March","People","Total","Total People",90783
